=== 2026-04-23T05:58:51Z ===
0 MiB, 23028 MiB, 0 %
               total        used        free      shared  buff/cache   available
Mem:           31722         871        2931           2       27919       30372
=== 2026-04-23T05:59:31Z ===
0 MiB, 23028 MiB, 0 %
               total        used        free      shared  buff/cache   available
Mem:           31722        1009        2788           2       27924       30234
=== 2026-04-23T05:59:46Z ===
0 MiB, 23028 MiB, 0 %
               total        used        free      shared  buff/cache   available
Mem:           31722        1166        2631           2       27923       30077
=== 2026-04-23T06:00:01Z ===
0 MiB, 23028 MiB, 0 %
               total        used        free      shared  buff/cache   available
Mem:           31722        1132        2665           2       27923       30111
=== 2026-04-23T06:00:16Z ===
0 MiB, 23028 MiB, 0 %
               total        used        free      shared  buff/cache   available
Mem:           31722        1131        2667           2       27923       30113
=== 2026-04-23T06:00:31Z ===
0 MiB, 23028 MiB, 0 %
               total        used        free      shared  buff/cache   available
Mem:           31722        1114        2683           2       27923       30129
=== 2026-04-23T06:00:46Z ===
0 MiB, 23028 MiB, 0 %
               total        used        free      shared  buff/cache   available
Mem:           31722        1118        2680           2       27923       30126
=== 2026-04-23T06:01:01Z ===
0 MiB, 23028 MiB, 0 %
               total        used        free      shared  buff/cache   available
Mem:           31722        1113        2684           2       27923       30130
=== 2026-04-23T06:01:16Z ===
0 MiB, 23028 MiB, 0 %
               total        used        free      shared  buff/cache   available
Mem:           31722        1121        2677           2       27923       30123
=== 2026-04-23T06:01:31Z ===
0 MiB, 23028 MiB, 0 %
               total        used        free      shared  buff/cache   available
Mem:           31722        1091        2707           2       27923       30153
=== 2026-04-23T06:01:46Z ===
0 MiB, 23028 MiB, 0 %
               total        used        free      shared  buff/cache   available
Mem:           31722        1106        2692           2       27923       30138
=== 2026-04-23T06:02:01Z ===
0 MiB, 23028 MiB, 0 %
               total        used        free      shared  buff/cache   available
Mem:           31722        1112        2685           2       27924       30131
=== 2026-04-23T06:02:17Z ===
0 MiB, 23028 MiB, 0 %
               total        used        free      shared  buff/cache   available
Mem:           31722        1122        2676           2       27924       30122
=== 2026-04-23T06:02:30Z ===
0 MiB, 23028 MiB, 0 %
               total        used        free      shared  buff/cache   available
Mem:           31722         895        2903           2       27924       30349
=== 2026-04-23T06:02:45Z ===
0 MiB, 23028 MiB, 0 %
               total        used        free      shared  buff/cache   available
Mem:           31722        1118        2679           2       27924       30125
=== 2026-04-23T06:03:00Z ===
0 MiB, 23028 MiB, 0 %
               total        used        free      shared  buff/cache   available
Mem:           31722        1096        2702           2       27924       30148
=== 2026-04-23T06:03:15Z ===
0 MiB, 23028 MiB, 0 %
               total        used        free      shared  buff/cache   available
Mem:           31722        1107        2690           2       27924       30137
=== 2026-04-23T06:03:30Z ===
0 MiB, 23028 MiB, 0 %
               total        used        free      shared  buff/cache   available
Mem:           31722        1114        2683           2       27924       30130
=== 2026-04-23T06:03:45Z ===
0 MiB, 23028 MiB, 0 %
               total        used        free      shared  buff/cache   available
Mem:           31722        1113        2684           2       27924       30130
=== 2026-04-23T06:04:00Z ===
0 MiB, 23028 MiB, 0 %
               total        used        free      shared  buff/cache   available
Mem:           31722        1119        2678           2       27924       30124
=== 2026-04-23T06:04:15Z ===
0 MiB, 23028 MiB, 0 %
               total        used        free      shared  buff/cache   available
Mem:           31722        1102        2696           2       27924       30142
=== 2026-04-23T06:04:30Z ===
0 MiB, 23028 MiB, 0 %
               total        used        free      shared  buff/cache   available
Mem:           31722        1103        2695           2       27924       30141
=== 2026-04-23T06:04:45Z ===
0 MiB, 23028 MiB, 0 %
               total        used        free      shared  buff/cache   available
Mem:           31722        1118        2679           2       27924       30125
=== 2026-04-23T06:05:00Z ===
0 MiB, 23028 MiB, 0 %
               total        used        free      shared  buff/cache   available
Mem:           31722        1111        2686           2       27924       30133
=== 2026-04-23T06:05:15Z ===
0 MiB, 23028 MiB, 0 %
               total        used        free      shared  buff/cache   available
Mem:           31722        1116        2682           2       27924       30128
=== 2026-04-23T06:05:30Z ===
0 MiB, 23028 MiB, 0 %
               total        used        free      shared  buff/cache   available
Mem:           31722        1116        2682           2       27924       30128
=== 2026-04-23T06:05:45Z ===
0 MiB, 23028 MiB, 0 %
               total        used        free      shared  buff/cache   available
Mem:           31722        1116        2681           2       27924       30127
=== 2026-04-23T06:06:00Z ===
0 MiB, 23028 MiB, 0 %
               total        used        free      shared  buff/cache   available
Mem:           31722        1084        2713           2       27924       30160
=== 2026-04-23T06:06:16Z ===
0 MiB, 23028 MiB, 0 %
               total        used        free      shared  buff/cache   available
Mem:           31722        1110        2687           2       27924       30133
=== 2026-04-23T06:06:31Z ===
0 MiB, 23028 MiB, 0 %
               total        used        free      shared  buff/cache   available
Mem:           31722        1111        2687           2       27924       30133
=== 2026-04-23T06:06:46Z ===
0 MiB, 23028 MiB, 0 %
               total        used        free      shared  buff/cache   available
Mem:           31722        1110        2687           2       27924       30134
=== 2026-04-23T06:07:01Z ===
0 MiB, 23028 MiB, 0 %
               total        used        free      shared  buff/cache   available
Mem:           31722        1110        2687           2       27924       30134
=== 2026-04-23T06:07:16Z ===
0 MiB, 23028 MiB, 0 %
               total        used        free      shared  buff/cache   available
Mem:           31722        1109        2688           2       27924       30134
=== 2026-04-23T06:07:31Z ===
0 MiB, 23028 MiB, 0 %
               total        used        free      shared  buff/cache   available
Mem:           31722        1103        2694           2       27924       30141
=== 2026-04-23T06:07:46Z ===
0 MiB, 23028 MiB, 0 %
               total        used        free      shared  buff/cache   available
Mem:           31722        1112        2686           2       27924       30132
=== 2026-04-23T06:08:01Z ===
0 MiB, 23028 MiB, 0 %
               total        used        free      shared  buff/cache   available
Mem:           31722        1112        2685           2       27924       30131
=== 2026-04-23T06:08:16Z ===
0 MiB, 23028 MiB, 0 %
               total        used        free      shared  buff/cache   available
Mem:           31722        1107        2691           2       27924       30137
=== 2026-04-23T06:08:31Z ===
0 MiB, 23028 MiB, 0 %
               total        used        free      shared  buff/cache   available
Mem:           31722        1113        2685           2       27924       30131
=== 2026-04-23T06:08:46Z ===
0 MiB, 23028 MiB, 0 %
               total        used        free      shared  buff/cache   available
Mem:           31722        1110        2687           2       27924       30133
=== 2026-04-23T06:09:01Z ===
0 MiB, 23028 MiB, 0 %
               total        used        free      shared  buff/cache   available
Mem:           31722        1109        2688           2       27924       30135
=== 2026-04-23T06:09:16Z ===
0 MiB, 23028 MiB, 0 %
               total        used        free      shared  buff/cache   available
Mem:           31722        1117        2681           2       27924       30127
=== 2026-04-23T06:09:31Z ===
0 MiB, 23028 MiB, 0 %
               total        used        free      shared  buff/cache   available
Mem:           31722        1116        2681           2       27924       30127
=== 2026-04-23T06:09:46Z ===
0 MiB, 23028 MiB, 0 %
               total        used        free      shared  buff/cache   available
Mem:           31722        1115        2682           2       27924       30128
=== 2026-04-23T06:10:01Z ===
0 MiB, 23028 MiB, 0 %
               total        used        free      shared  buff/cache   available
Mem:           31722        1111        2687           2       27924       30133
=== 2026-04-23T06:10:16Z ===
0 MiB, 23028 MiB, 0 %
               total        used        free      shared  buff/cache   available
Mem:           31722        1115        2683           2       27924       30129
=== 2026-04-23T06:10:31Z ===
0 MiB, 23028 MiB, 0 %
               total        used        free      shared  buff/cache   available
Mem:           31722        1114        2684           2       27924       30130
=== 2026-04-23T06:10:46Z ===
0 MiB, 23028 MiB, 0 %
               total        used        free      shared  buff/cache   available
Mem:           31722        1115        2683           2       27924       30129
=== 2026-04-23T06:11:01Z ===
0 MiB, 23028 MiB, 0 %
               total        used        free      shared  buff/cache   available
Mem:           31722        1114        2684           2       27924       30130
=== 2026-04-23T06:11:16Z ===
0 MiB, 23028 MiB, 0 %
               total        used        free      shared  buff/cache   available
Mem:           31722        1114        2684           2       27924       30130
=== 2026-04-23T06:11:31Z ===
0 MiB, 23028 MiB, 0 %
               total        used        free      shared  buff/cache   available
Mem:           31722        1113        2684           2       27924       30131
=== 2026-04-23T06:11:46Z ===
0 MiB, 23028 MiB, 0 %
               total        used        free      shared  buff/cache   available
Mem:           31722        1114        2683           2       27924       30129
=== 2026-04-23T06:12:01Z ===
0 MiB, 23028 MiB, 0 %
               total        used        free      shared  buff/cache   available
Mem:           31722        1115        2682           2       27924       30129
=== 2026-04-23T06:12:16Z ===
0 MiB, 23028 MiB, 0 %
               total        used        free      shared  buff/cache   available
Mem:           31722        1100        2697           2       27924       30144
=== 2026-04-23T06:12:31Z ===
0 MiB, 23028 MiB, 0 %
               total        used        free      shared  buff/cache   available
Mem:           31722        1097        2700           2       27924       30147
=== 2026-04-23T06:12:46Z ===
0 MiB, 23028 MiB, 0 %
               total        used        free      shared  buff/cache   available
Mem:           31722        1082        2716           2       27924       30162
=== 2026-04-23T06:13:01Z ===
0 MiB, 23028 MiB, 0 %
               total        used        free      shared  buff/cache   available
Mem:           31722        1091        2707           2       27924       30153
=== 2026-04-23T06:13:17Z ===
0 MiB, 23028 MiB, 0 %
               total        used        free      shared  buff/cache   available
Mem:           31722        1101        2696           2       27924       30142
=== 2026-04-23T06:13:32Z ===
0 MiB, 23028 MiB, 0 %
               total        used        free      shared  buff/cache   available
Mem:           31722        1101        2696           2       27924       30143
=== 2026-04-23T06:13:47Z ===
0 MiB, 23028 MiB, 0 %
               total        used        free      shared  buff/cache   available
Mem:           31722        1091        2706           2       27924       30153
=== 2026-04-23T06:14:02Z ===
0 MiB, 23028 MiB, 0 %
               total        used        free      shared  buff/cache   available
Mem:           31722        1086        2711           2       27924       30158
=== 2026-04-23T06:14:17Z ===
0 MiB, 23028 MiB, 0 %
               total        used        free      shared  buff/cache   available
Mem:           31722        1085        2712           2       27924       30159
=== 2026-04-23T06:14:32Z ===
0 MiB, 23028 MiB, 0 %
               total        used        free      shared  buff/cache   available
Mem:           31722        1097        2700           2       27924       30146
=== 2026-04-23T06:14:47Z ===
0 MiB, 23028 MiB, 0 %
               total        used        free      shared  buff/cache   available
Mem:           31722        1106        2691           2       27924       30138
=== 2026-04-23T06:15:02Z ===
0 MiB, 23028 MiB, 0 %
               total        used        free      shared  buff/cache   available
Mem:           31722        1095        2702           2       27924       30148
=== 2026-04-23T06:15:17Z ===
0 MiB, 23028 MiB, 0 %
               total        used        free      shared  buff/cache   available
Mem:           31722        1105        2692           2       27924       30139
=== 2026-04-23T06:15:32Z ===
0 MiB, 23028 MiB, 0 %
               total        used        free      shared  buff/cache   available
Mem:           31722        1104        2693           2       27924       30140
=== 2026-04-23T06:15:47Z ===
0 MiB, 23028 MiB, 0 %
               total        used        free      shared  buff/cache   available
Mem:           31722        1105        2693           2       27924       30139
=== 2026-04-23T06:16:02Z ===
0 MiB, 23028 MiB, 0 %
               total        used        free      shared  buff/cache   available
Mem:           31722        1097        2700           2       27924       30147
=== 2026-04-23T06:16:17Z ===
0 MiB, 23028 MiB, 0 %
               total        used        free      shared  buff/cache   available
Mem:           31722        1105        2692           2       27924       30139
=== 2026-04-23T06:16:32Z ===
0 MiB, 23028 MiB, 0 %
               total        used        free      shared  buff/cache   available
Mem:           31722        1105        2692           2       27924       30139
=== 2026-04-23T06:16:47Z ===
0 MiB, 23028 MiB, 0 %
               total        used        free      shared  buff/cache   available
Mem:           31722        1095        2702           2       27924       30148
=== 2026-04-23T06:17:02Z ===
0 MiB, 23028 MiB, 0 %
               total        used        free      shared  buff/cache   available
Mem:           31722        1114        2683           2       27924       30130
=== 2026-04-23T06:17:17Z ===
0 MiB, 23028 MiB, 0 %
               total        used        free      shared  buff/cache   available
Mem:           31722        1114        2684           2       27924       30130
=== 2026-04-23T06:17:32Z ===
0 MiB, 23028 MiB, 0 %
               total        used        free      shared  buff/cache   available
Mem:           31722        1111        2686           2       27924       30133
=== 2026-04-23T06:17:47Z ===
0 MiB, 23028 MiB, 0 %
               total        used        free      shared  buff/cache   available
Mem:           31722        1111        2686           2       27924       30133
=== 2026-04-23T06:18:02Z ===
0 MiB, 23028 MiB, 0 %
               total        used        free      shared  buff/cache   available
Mem:           31722        1117        2680           2       27924       30127
=== 2026-04-23T06:18:17Z ===
0 MiB, 23028 MiB, 0 %
               total        used        free      shared  buff/cache   available
Mem:           31722        1113        2684           2       27924       30131
=== 2026-04-23T06:18:32Z ===
0 MiB, 23028 MiB, 0 %
               total        used        free      shared  buff/cache   available
Mem:           31722        1114        2683           2       27924       30130
=== 2026-04-23T06:18:47Z ===
0 MiB, 23028 MiB, 0 %
               total        used        free      shared  buff/cache   available
Mem:           31722        1113        2684           2       27924       30130
=== 2026-04-23T06:19:02Z ===
0 MiB, 23028 MiB, 0 %
               total        used        free      shared  buff/cache   available
Mem:           31722        1113        2684           2       27924       30131
=== 2026-04-23T06:19:17Z ===
0 MiB, 23028 MiB, 0 %
               total        used        free      shared  buff/cache   available
Mem:           31722        1113        2684           2       27924       30131
=== 2026-04-23T06:19:32Z ===
0 MiB, 23028 MiB, 0 %
               total        used        free      shared  buff/cache   available
Mem:           31722        1113        2684           2       27924       30130
=== 2026-04-23T06:19:47Z ===
0 MiB, 23028 MiB, 0 %
               total        used        free      shared  buff/cache   available
Mem:           31722        1107        2691           2       27924       30137
=== 2026-04-23T06:20:03Z ===
0 MiB, 23028 MiB, 0 %
               total        used        free      shared  buff/cache   available
Mem:           31722        1113        2684           2       27924       30131
=== 2026-04-23T06:20:18Z ===
0 MiB, 23028 MiB, 0 %
               total        used        free      shared  buff/cache   available
Mem:           31722        1115        2682           2       27924       30128
=== 2026-04-23T06:20:33Z ===
0 MiB, 23028 MiB, 0 %
               total        used        free      shared  buff/cache   available
Mem:           31722        1086        2711           2       27924       30158
=== 2026-04-23T06:20:48Z ===
0 MiB, 23028 MiB, 0 %
               total        used        free      shared  buff/cache   available
Mem:           31722        1102        2695           2       27924       30141
=== 2026-04-23T06:21:03Z ===
0 MiB, 23028 MiB, 0 %
               total        used        free      shared  buff/cache   available
Mem:           31722        1103        2694           2       27924       30141
=== 2026-04-23T06:21:18Z ===
0 MiB, 23028 MiB, 0 %
               total        used        free      shared  buff/cache   available
Mem:           31722        1107        2690           2       27924       30137
=== 2026-04-23T06:21:33Z ===
0 MiB, 23028 MiB, 0 %
               total        used        free      shared  buff/cache   available
Mem:           31722        1090        2707           2       27924       30154
=== 2026-04-23T06:21:48Z ===
0 MiB, 23028 MiB, 0 %
               total        used        free      shared  buff/cache   available
Mem:           31722        1087        2710           2       27924       30157
=== 2026-04-23T06:22:03Z ===
0 MiB, 23028 MiB, 0 %
               total        used        free      shared  buff/cache   available
Mem:           31722        1097        2700           2       27924       30146
=== 2026-04-23T06:22:18Z ===
0 MiB, 23028 MiB, 0 %
               total        used        free      shared  buff/cache   available
Mem:           31722        1088        2709           2       27924       30156
=== 2026-04-23T06:22:33Z ===
0 MiB, 23028 MiB, 0 %
               total        used        free      shared  buff/cache   available
Mem:           31722        1084        2713           2       27924       30159
=== 2026-04-23T06:22:48Z ===
0 MiB, 23028 MiB, 0 %
               total        used        free      shared  buff/cache   available
Mem:           31722        1092        2705           2       27924       30152
=== 2026-04-23T06:23:03Z ===
0 MiB, 23028 MiB, 0 %
               total        used        free      shared  buff/cache   available
Mem:           31722        1092        2705           2       27924       30152
=== 2026-04-23T06:23:18Z ===
0 MiB, 23028 MiB, 0 %
               total        used        free      shared  buff/cache   available
Mem:           31722        1131        2666           2       27925       30113
=== 2026-04-23T06:23:33Z ===
0 MiB, 23028 MiB, 0 %
               total        used        free      shared  buff/cache   available
Mem:           31722        1365        2064           2       28292       29879
=== 2026-04-23T06:23:48Z ===
0 MiB, 23028 MiB, 0 %
               total        used        free      shared  buff/cache   available
Mem:           31722        1343        1998           2       28381       29901
=== 2026-04-23T06:24:03Z ===
0 MiB, 23028 MiB, 0 %
               total        used        free      shared  buff/cache   available
Mem:           31722        1556        1672           2       28494       29688
=== 2026-04-23T06:24:18Z ===
0 MiB, 23028 MiB, 0 %
               total        used        free      shared  buff/cache   available
Mem:           31722        1529        1697           2       28495       29715
=== 2026-04-23T06:24:33Z ===
0 MiB, 23028 MiB, 0 %
               total        used        free      shared  buff/cache   available
Mem:           31722        1205        2188           2       28328       30039
=== 2026-04-23T06:24:48Z ===
0 MiB, 23028 MiB, 0 %
               total        used        free      shared  buff/cache   available
Mem:           31722        1158        2235           2       28328       30086
=== 2026-04-23T06:25:03Z ===
0 MiB, 23028 MiB, 0 %
               total        used        free      shared  buff/cache   available
Mem:           31722        1144        2249           2       28328       30100
=== 2026-04-23T06:25:18Z ===
0 MiB, 23028 MiB, 0 %
               total        used        free      shared  buff/cache   available
Mem:           31722        1140        2252           2       28328       30103
=== 2026-04-23T06:25:33Z ===
0 MiB, 23028 MiB, 0 %
               total        used        free      shared  buff/cache   available
Mem:           31722        1122        2271           2       28328       30122
=== 2026-04-23T06:25:48Z ===
0 MiB, 23028 MiB, 0 %
               total        used        free      shared  buff/cache   available
Mem:           31722        1121        2272           2       28328       30123
=== 2026-04-23T06:26:03Z ===
0 MiB, 23028 MiB, 0 %
               total        used        free      shared  buff/cache   available
Mem:           31722        1130        2263           2       28328       30114
=== 2026-04-23T06:26:18Z ===
0 MiB, 23028 MiB, 0 %
               total        used        free      shared  buff/cache   available
Mem:           31722        1118        2274           2       28328       30125
=== 2026-04-23T06:26:33Z ===
0 MiB, 23028 MiB, 0 %
               total        used        free      shared  buff/cache   available
Mem:           31722        1121        2272           2       28328       30123
=== 2026-04-23T06:26:49Z ===
0 MiB, 23028 MiB, 0 %
               total        used        free      shared  buff/cache   available
Mem:           31722        1120        2273           2       28328       30124
=== 2026-04-23T06:27:04Z ===
0 MiB, 23028 MiB, 0 %
               total        used        free      shared  buff/cache   available
Mem:           31722        1128        2265           2       28328       30116
=== 2026-04-23T06:27:19Z ===
0 MiB, 23028 MiB, 0 %
               total        used        free      shared  buff/cache   available
Mem:           31722        1124        2269           2       28328       30120
=== 2026-04-23T06:27:34Z ===
0 MiB, 23028 MiB, 0 %
               total        used        free      shared  buff/cache   available
Mem:           31722        1121        2272           2       28328       30123
=== 2026-04-23T06:27:49Z ===
0 MiB, 23028 MiB, 0 %
               total        used        free      shared  buff/cache   available
Mem:           31722        1127        2266           2       28328       30117
=== 2026-04-23T06:28:04Z ===
0 MiB, 23028 MiB, 0 %
               total        used        free      shared  buff/cache   available
Mem:           31722        1127        2266           2       28328       30117
=== 2026-04-23T06:28:19Z ===
0 MiB, 23028 MiB, 0 %
               total        used        free      shared  buff/cache   available
Mem:           31722        1122        2270           2       28328       30121
=== 2026-04-23T06:28:34Z ===
0 MiB, 23028 MiB, 0 %
               total        used        free      shared  buff/cache   available
Mem:           31722        1116        2276           2       28328       30127
=== 2026-04-23T06:28:49Z ===
0 MiB, 23028 MiB, 0 %
               total        used        free      shared  buff/cache   available
Mem:           31722        1124        2269           2       28328       30120
=== 2026-04-23T06:29:04Z ===
0 MiB, 23028 MiB, 0 %
               total        used        free      shared  buff/cache   available
Mem:           31722        1124        2268           2       28328       30119
=== 2026-04-23T06:29:19Z ===
0 MiB, 23028 MiB, 0 %
               total        used        free      shared  buff/cache   available
Mem:           31722        1115        2277           2       28329       30128
=== 2026-04-23T06:29:34Z ===
0 MiB, 23028 MiB, 0 %
               total        used        free      shared  buff/cache   available
Mem:           31722        1115        2277           2       28329       30128
=== 2026-04-23T06:29:49Z ===
0 MiB, 23028 MiB, 0 %
               total        used        free      shared  buff/cache   available
Mem:           31722        1107        2285           2       28329       30136
=== 2026-04-23T06:30:04Z ===
0 MiB, 23028 MiB, 0 %
               total        used        free      shared  buff/cache   available
Mem:           31722        1122        2271           2       28329       30122
=== 2026-04-23T06:30:19Z ===
0 MiB, 23028 MiB, 0 %
               total        used        free      shared  buff/cache   available
Mem:           31722        1122        2271           2       28329       30122
=== 2026-04-23T06:30:34Z ===
0 MiB, 23028 MiB, 0 %
               total        used        free      shared  buff/cache   available
Mem:           31722        1115        2277           2       28329       30128
=== 2026-04-23T06:30:49Z ===
0 MiB, 23028 MiB, 0 %
               total        used        free      shared  buff/cache   available
Mem:           31722        1123        2270           2       28329       30121
=== 2026-04-23T06:31:04Z ===
0 MiB, 23028 MiB, 0 %
               total        used        free      shared  buff/cache   available
Mem:           31722        1123        2270           2       28329       30121
=== 2026-04-23T06:31:19Z ===
0 MiB, 23028 MiB, 0 %
               total        used        free      shared  buff/cache   available
Mem:           31722        1106        2287           2       28329       30138
=== 2026-04-23T06:31:34Z ===
0 MiB, 23028 MiB, 0 %
               total        used        free      shared  buff/cache   available
Mem:           31722        1122        2271           2       28329       30122
=== 2026-04-23T06:31:49Z ===
0 MiB, 23028 MiB, 0 %
               total        used        free      shared  buff/cache   available
Mem:           31722        1108        2285           2       28329       30136
=== 2026-04-23T06:32:04Z ===
0 MiB, 23028 MiB, 0 %
               total        used        free      shared  buff/cache   available
Mem:           31722        1112        2280           2       28329       30131
=== 2026-04-23T06:32:19Z ===
0 MiB, 23028 MiB, 0 %
               total        used        free      shared  buff/cache   available
Mem:           31722        1121        2271           2       28329       30122
=== 2026-04-23T06:32:34Z ===
0 MiB, 23028 MiB, 0 %
               total        used        free      shared  buff/cache   available
Mem:           31722        1112        2280           2       28329       30131
=== 2026-04-23T06:32:49Z ===
0 MiB, 23028 MiB, 0 %
               total        used        free      shared  buff/cache   available
Mem:           31722        1121        2272           2       28329       30123
=== 2026-04-23T06:33:04Z ===
0 MiB, 23028 MiB, 0 %
               total        used        free      shared  buff/cache   available
Mem:           31722        1114        2278           2       28329       30129
=== 2026-04-23T06:33:19Z ===
0 MiB, 23028 MiB, 0 %
               total        used        free      shared  buff/cache   available
Mem:           31722        1122        2271           2       28329       30122
=== 2026-04-23T06:33:34Z ===
0 MiB, 23028 MiB, 0 %
               total        used        free      shared  buff/cache   available
Mem:           31722        1110        2283           2       28329       30134
=== 2026-04-23T06:33:50Z ===
0 MiB, 23028 MiB, 0 %
               total        used        free      shared  buff/cache   available
Mem:           31722        1110        2282           2       28329       30133
=== 2026-04-23T06:34:05Z ===
0 MiB, 23028 MiB, 0 %
               total        used        free      shared  buff/cache   available
Mem:           31722        1110        2282           2       28329       30133
=== 2026-04-23T06:34:20Z ===
0 MiB, 23028 MiB, 0 %
               total        used        free      shared  buff/cache   available
Mem:           31722        1118        2274           2       28329       30125
=== 2026-04-23T06:34:35Z ===
0 MiB, 23028 MiB, 0 %
               total        used        free      shared  buff/cache   available
Mem:           31722        1118        2275           2       28329       30126
=== 2026-04-23T06:34:50Z ===
0 MiB, 23028 MiB, 0 %
               total        used        free      shared  buff/cache   available
Mem:           31722        1117        2275           2       28329       30126
=== 2026-04-23T06:35:05Z ===
0 MiB, 23028 MiB, 0 %
               total        used        free      shared  buff/cache   available
Mem:           31722        1118        2274           2       28329       30125
=== 2026-04-23T06:35:20Z ===
0 MiB, 23028 MiB, 0 %
               total        used        free      shared  buff/cache   available
Mem:           31722        1118        2274           2       28329       30125
=== 2026-04-23T06:35:35Z ===
0 MiB, 23028 MiB, 0 %
               total        used        free      shared  buff/cache   available
Mem:           31722        1113        2279           2       28329       30131
=== 2026-04-23T06:35:50Z ===
0 MiB, 23028 MiB, 0 %
               total        used        free      shared  buff/cache   available
Mem:           31722        1119        2273           2       28329       30124
=== 2026-04-23T06:36:05Z ===
0 MiB, 23028 MiB, 0 %
               total        used        free      shared  buff/cache   available
Mem:           31722        1096        2296           2       28329       30148
=== 2026-04-23T06:36:20Z ===
0 MiB, 23028 MiB, 0 %
               total        used        free      shared  buff/cache   available
Mem:           31722        1120        2273           2       28329       30124
=== 2026-04-23T06:36:35Z ===
0 MiB, 23028 MiB, 0 %
               total        used        free      shared  buff/cache   available
Mem:           31722        1097        2296           2       28329       30147
=== 2026-04-23T06:36:50Z ===
0 MiB, 23028 MiB, 0 %
               total        used        free      shared  buff/cache   available
Mem:           31722        1119        2273           2       28329       30124
=== 2026-04-23T06:37:05Z ===
0 MiB, 23028 MiB, 0 %
               total        used        free      shared  buff/cache   available
Mem:           31722        1106        2287           2       28329       30138
=== 2026-04-23T06:37:20Z ===
0 MiB, 23028 MiB, 0 %
               total        used        free      shared  buff/cache   available
Mem:           31722        1114        2278           2       28329       30129
=== 2026-04-23T06:37:35Z ===
0 MiB, 23028 MiB, 0 %
               total        used        free      shared  buff/cache   available
Mem:           31722        1114        2279           2       28329       30130
=== 2026-04-23T06:37:50Z ===
0 MiB, 23028 MiB, 0 %
               total        used        free      shared  buff/cache   available
Mem:           31722        1106        2286           2       28329       30138
=== 2026-04-23T06:38:05Z ===
0 MiB, 23028 MiB, 0 %
               total        used        free      shared  buff/cache   available
Mem:           31722        1104        2289           2       28329       30140
=== 2026-04-23T06:38:20Z ===
0 MiB, 23028 MiB, 0 %
               total        used        free      shared  buff/cache   available
Mem:           31722        1104        2289           2       28329       30140
=== 2026-04-23T06:38:35Z ===
0 MiB, 23028 MiB, 0 %
               total        used        free      shared  buff/cache   available
Mem:           31722        1109        2284           2       28329       30135
=== 2026-04-23T06:38:50Z ===
0 MiB, 23028 MiB, 0 %
               total        used        free      shared  buff/cache   available
Mem:           31722        1092        2301           2       28329       30152
=== 2026-04-23T06:39:05Z ===
0 MiB, 23028 MiB, 0 %
               total        used        free      shared  buff/cache   available
Mem:           31722        1106        2286           2       28329       30137
=== 2026-04-23T06:39:20Z ===
0 MiB, 23028 MiB, 0 %
               total        used        free      shared  buff/cache   available
Mem:           31722        1114        2279           2       28329       30130
=== 2026-04-23T06:39:35Z ===
0 MiB, 23028 MiB, 0 %
               total        used        free      shared  buff/cache   available
Mem:           31722        1107        2285           2       28329       30137
=== 2026-04-23T06:39:50Z ===
0 MiB, 23028 MiB, 0 %
               total        used        free      shared  buff/cache   available
Mem:           31722        1123        2270           2       28329       30121
=== 2026-04-23T06:40:05Z ===
0 MiB, 23028 MiB, 0 %
               total        used        free      shared  buff/cache   available
Mem:           31722        1120        2273           2       28329       30124
=== 2026-04-23T06:40:20Z ===
0 MiB, 23028 MiB, 0 %
               total        used        free      shared  buff/cache   available
Mem:           31722        1090        2302           2       28329       30154
=== 2026-04-23T06:40:36Z ===
0 MiB, 23028 MiB, 0 %
               total        used        free      shared  buff/cache   available
Mem:           31722        1114        2279           2       28329       30130
=== 2026-04-23T06:40:51Z ===
0 MiB, 23028 MiB, 0 %
               total        used        free      shared  buff/cache   available
Mem:           31722        1101        2291           2       28329       30143
=== 2026-04-23T06:41:06Z ===
0 MiB, 23028 MiB, 0 %
               total        used        free      shared  buff/cache   available
Mem:           31722        1109        2284           2       28329       30135
=== 2026-04-23T06:41:21Z ===
0 MiB, 23028 MiB, 0 %
               total        used        free      shared  buff/cache   available
Mem:           31722        1090        2302           2       28329       30154
=== 2026-04-23T06:41:36Z ===
0 MiB, 23028 MiB, 0 %
               total        used        free      shared  buff/cache   available
Mem:           31722        1106        2287           2       28329       30138
=== 2026-04-23T06:41:51Z ===
0 MiB, 23028 MiB, 0 %
               total        used        free      shared  buff/cache   available
Mem:           31722        1113        2280           2       28329       30131
=== 2026-04-23T06:42:06Z ===
0 MiB, 23028 MiB, 0 %
               total        used        free      shared  buff/cache   available
Mem:           31722        1087        2305           2       28329       30157
=== 2026-04-23T06:42:21Z ===
0 MiB, 23028 MiB, 0 %
               total        used        free      shared  buff/cache   available
Mem:           31722        1112        2281           2       28329       30132
=== 2026-04-23T06:42:36Z ===
0 MiB, 23028 MiB, 0 %
               total        used        free      shared  buff/cache   available
Mem:           31722        1117        2276           2       28329       30127
=== 2026-04-23T06:42:51Z ===
0 MiB, 23028 MiB, 0 %
               total        used        free      shared  buff/cache   available
Mem:           31722        1098        2294           2       28329       30146
=== 2026-04-23T06:43:06Z ===
0 MiB, 23028 MiB, 0 %
               total        used        free      shared  buff/cache   available
Mem:           31722        1108        2285           2       28329       30136
=== 2026-04-23T06:43:21Z ===
0 MiB, 23028 MiB, 0 %
               total        used        free      shared  buff/cache   available
Mem:           31722        1116        2277           2       28329       30128
=== 2026-04-23T06:43:36Z ===
0 MiB, 23028 MiB, 0 %
               total        used        free      shared  buff/cache   available
Mem:           31722        1116        2276           2       28329       30127
=== 2026-04-23T06:43:51Z ===
0 MiB, 23028 MiB, 0 %
               total        used        free      shared  buff/cache   available
Mem:           31722        1111        2281           2       28329       30133
=== 2026-04-23T06:44:06Z ===
0 MiB, 23028 MiB, 0 %
               total        used        free      shared  buff/cache   available
Mem:           31722        1088        2304           2       28329       30156
=== 2026-04-23T06:44:21Z ===
0 MiB, 23028 MiB, 0 %
               total        used        free      shared  buff/cache   available
Mem:           31722        1113        2279           2       28329       30131
=== 2026-04-23T06:44:36Z ===
0 MiB, 23028 MiB, 0 %
               total        used        free      shared  buff/cache   available
Mem:           31722        1113        2279           2       28329       30131
=== 2026-04-23T06:44:51Z ===
0 MiB, 23028 MiB, 0 %
               total        used        free      shared  buff/cache   available
Mem:           31722        1112        2280           2       28329       30132
=== 2026-04-23T06:45:06Z ===
0 MiB, 23028 MiB, 0 %
               total        used        free      shared  buff/cache   available
Mem:           31722        1112        2280           2       28329       30132
=== 2026-04-23T06:45:21Z ===
0 MiB, 23028 MiB, 0 %
               total        used        free      shared  buff/cache   available
Mem:           31722        1112        2280           2       28329       30131
=== 2026-04-23T06:45:36Z ===
0 MiB, 23028 MiB, 0 %
               total        used        free      shared  buff/cache   available
Mem:           31722        1121        2271           2       28329       30123
=== 2026-04-23T06:45:51Z ===
0 MiB, 23028 MiB, 0 %
               total        used        free      shared  buff/cache   available
Mem:           31722        1122        2270           2       28329       30121
=== 2026-04-23T06:46:06Z ===
0 MiB, 23028 MiB, 0 %
               total        used        free      shared  buff/cache   available
Mem:           31722        1118        2274           2       28329       30125
=== 2026-04-23T06:46:21Z ===
0 MiB, 23028 MiB, 0 %
               total        used        free      shared  buff/cache   available
Mem:           31722        1109        2283           2       28329       30135
=== 2026-04-23T06:46:36Z ===
0 MiB, 23028 MiB, 0 %
               total        used        free      shared  buff/cache   available
Mem:           31722        1094        2298           2       28329       30150
=== 2026-04-23T06:46:51Z ===
0 MiB, 23028 MiB, 0 %
               total        used        free      shared  buff/cache   available
Mem:           31722        1109        2283           2       28329       30135
=== 2026-04-23T06:47:06Z ===
0 MiB, 23028 MiB, 0 %
               total        used        free      shared  buff/cache   available
Mem:           31722        1110        2282           2       28329       30134
=== 2026-04-23T06:47:22Z ===
0 MiB, 23028 MiB, 0 %
               total        used        free      shared  buff/cache   available
Mem:           31722        1103        2289           2       28329       30141
=== 2026-04-23T06:47:37Z ===
0 MiB, 23028 MiB, 0 %
               total        used        free      shared  buff/cache   available
Mem:           31722        1103        2289           2       28329       30140
=== 2026-04-23T06:47:52Z ===
0 MiB, 23028 MiB, 0 %
               total        used        free      shared  buff/cache   available
Mem:           31722        1105        2287           2       28329       30139
=== 2026-04-23T06:48:07Z ===
0 MiB, 23028 MiB, 0 %
               total        used        free      shared  buff/cache   available
Mem:           31722        1104        2288           2       28329       30139
=== 2026-04-23T06:48:22Z ===
0 MiB, 23028 MiB, 0 %
               total        used        free      shared  buff/cache   available
Mem:           31722        1104        2288           2       28329       30140
=== 2026-04-23T06:48:37Z ===
0 MiB, 23028 MiB, 0 %
               total        used        free      shared  buff/cache   available
Mem:           31722        1108        2284           2       28329       30136
=== 2026-04-23T06:48:52Z ===
0 MiB, 23028 MiB, 0 %
               total        used        free      shared  buff/cache   available
Mem:           31722        1109        2283           2       28329       30135
=== 2026-04-23T06:49:07Z ===
0 MiB, 23028 MiB, 0 %
               total        used        free      shared  buff/cache   available
Mem:           31722        1109        2283           2       28329       30135
=== 2026-04-23T06:49:22Z ===
0 MiB, 23028 MiB, 0 %
               total        used        free      shared  buff/cache   available
Mem:           31722        1110        2282           2       28329       30134
=== 2026-04-23T06:49:37Z ===
0 MiB, 23028 MiB, 0 %
               total        used        free      shared  buff/cache   available
Mem:           31722        1109        2283           2       28329       30135
=== 2026-04-23T06:49:52Z ===
0 MiB, 23028 MiB, 0 %
               total        used        free      shared  buff/cache   available
Mem:           31722        1109        2283           2       28329       30135
=== 2026-04-23T06:50:07Z ===
0 MiB, 23028 MiB, 0 %
               total        used        free      shared  buff/cache   available
Mem:           31722        1109        2283           2       28329       30135
=== 2026-04-23T06:50:22Z ===
0 MiB, 23028 MiB, 0 %
               total        used        free      shared  buff/cache   available
Mem:           31722        1109        2283           2       28329       30134
=== 2026-04-23T06:50:37Z ===
0 MiB, 23028 MiB, 0 %
               total        used        free      shared  buff/cache   available
Mem:           31722        1110        2282           2       28329       30134
=== 2026-04-23T06:50:52Z ===
0 MiB, 23028 MiB, 0 %
               total        used        free      shared  buff/cache   available
Mem:           31722        1109        2283           2       28329       30135
=== 2026-04-23T06:51:07Z ===
0 MiB, 23028 MiB, 0 %
               total        used        free      shared  buff/cache   available
Mem:           31722        1101        2291           2       28329       30143
=== 2026-04-23T06:51:22Z ===
0 MiB, 23028 MiB, 0 %
               total        used        free      shared  buff/cache   available
Mem:           31722        1086        2306           2       28329       30158
=== 2026-04-23T06:51:37Z ===
0 MiB, 23028 MiB, 0 %
               total        used        free      shared  buff/cache   available
Mem:           31722        1109        2283           2       28329       30134
=== 2026-04-23T06:51:52Z ===
0 MiB, 23028 MiB, 0 %
               total        used        free      shared  buff/cache   available
Mem:           31722        1102        2290           2       28329       30142
=== 2026-04-23T06:52:07Z ===
0 MiB, 23028 MiB, 0 %
               total        used        free      shared  buff/cache   available
Mem:           31722        1101        2291           2       28329       30143
=== 2026-04-23T06:52:22Z ===
0 MiB, 23028 MiB, 0 %
               total        used        free      shared  buff/cache   available
Mem:           31722        1094        2298           2       28329       30150
=== 2026-04-23T06:52:37Z ===
0 MiB, 23028 MiB, 0 %
               total        used        free      shared  buff/cache   available
Mem:           31722        1109        2283           2       28329       30135
=== 2026-04-23T06:52:52Z ===
0 MiB, 23028 MiB, 0 %
               total        used        free      shared  buff/cache   available
Mem:           31722        1102        2289           2       28329       30141
=== 2026-04-23T06:53:07Z ===
0 MiB, 23028 MiB, 0 %
               total        used        free      shared  buff/cache   available
Mem:           31722        1110        2281           2       28329       30133
=== 2026-04-23T06:53:22Z ===
0 MiB, 23028 MiB, 0 %
               total        used        free      shared  buff/cache   available
Mem:           31722        1110        2282           2       28329       30134
=== 2026-04-23T06:53:37Z ===
0 MiB, 23028 MiB, 0 %
               total        used        free      shared  buff/cache   available
Mem:           31722        1110        2282           2       28329       30134
=== 2026-04-23T06:53:52Z ===
0 MiB, 23028 MiB, 0 %
               total        used        free      shared  buff/cache   available
Mem:           31722        1100        2292           2       28329       30144
=== 2026-04-23T06:54:08Z ===
0 MiB, 23028 MiB, 0 %
               total        used        free      shared  buff/cache   available
Mem:           31722        1110        2282           2       28329       30134
=== 2026-04-23T06:54:23Z ===
0 MiB, 23028 MiB, 0 %
               total        used        free      shared  buff/cache   available
Mem:           31722        1102        2290           2       28329       30142
=== 2026-04-23T06:54:38Z ===
0 MiB, 23028 MiB, 0 %
               total        used        free      shared  buff/cache   available
Mem:           31722        1103        2289           2       28329       30141
=== 2026-04-23T06:54:53Z ===
0 MiB, 23028 MiB, 0 %
               total        used        free      shared  buff/cache   available
Mem:           31722        1102        2290           2       28329       30142
=== 2026-04-23T06:55:08Z ===
0 MiB, 23028 MiB, 0 %
               total        used        free      shared  buff/cache   available
Mem:           31722        1110        2282           2       28329       30134
=== 2026-04-23T06:55:23Z ===
0 MiB, 23028 MiB, 0 %
               total        used        free      shared  buff/cache   available
Mem:           31722        1111        2281           2       28329       30133
=== 2026-04-23T06:55:38Z ===
0 MiB, 23028 MiB, 0 %
               total        used        free      shared  buff/cache   available
Mem:           31722        1118        2274           2       28329       30126
=== 2026-04-23T06:55:53Z ===
0 MiB, 23028 MiB, 0 %
               total        used        free      shared  buff/cache   available
Mem:           31722        1103        2289           2       28329       30141
=== 2026-04-23T06:56:08Z ===
0 MiB, 23028 MiB, 0 %
               total        used        free      shared  buff/cache   available
Mem:           31722        1103        2289           2       28329       30141
=== 2026-04-23T06:56:23Z ===
0 MiB, 23028 MiB, 0 %
               total        used        free      shared  buff/cache   available
Mem:           31722        1111        2281           2       28329       30133
=== 2026-04-23T06:56:38Z ===
0 MiB, 23028 MiB, 0 %
               total        used        free      shared  buff/cache   available
Mem:           31722        1119        2273           2       28329       30125
=== 2026-04-23T06:56:53Z ===
0 MiB, 23028 MiB, 0 %
               total        used        free      shared  buff/cache   available
Mem:           31722        1114        2278           2       28329       30130
=== 2026-04-23T06:57:08Z ===
0 MiB, 23028 MiB, 0 %
               total        used        free      shared  buff/cache   available
Mem:           31722        1092        2300           2       28329       30152
=== 2026-04-23T06:57:23Z ===
0 MiB, 23028 MiB, 0 %
               total        used        free      shared  buff/cache   available
Mem:           31722        1100        2292           2       28329       30144
=== 2026-04-23T06:57:38Z ===
0 MiB, 23028 MiB, 0 %
               total        used        free      shared  buff/cache   available
Mem:           31722        1111        2281           2       28329       30133
=== 2026-04-23T06:57:53Z ===
0 MiB, 23028 MiB, 0 %
               total        used        free      shared  buff/cache   available
Mem:           31722        1107        2285           2       28329       30137
=== 2026-04-23T06:58:08Z ===
0 MiB, 23028 MiB, 0 %
               total        used        free      shared  buff/cache   available
Mem:           31722        1116        2275           2       28330       30127
=== 2026-04-23T06:58:23Z ===
0 MiB, 23028 MiB, 0 %
               total        used        free      shared  buff/cache   available
Mem:           31722        1110        2281           2       28330       30133
=== 2026-04-23T06:58:38Z ===
0 MiB, 23028 MiB, 0 %
               total        used        free      shared  buff/cache   available
Mem:           31722        1119        2273           2       28330       30125
=== 2026-04-23T06:58:53Z ===
0 MiB, 23028 MiB, 0 %
               total        used        free      shared  buff/cache   available
Mem:           31722        1118        2274           2       28330       30126
=== 2026-04-23T06:59:08Z ===
0 MiB, 23028 MiB, 0 %
               total        used        free      shared  buff/cache   available
Mem:           31722        1119        2273           2       28330       30125
=== 2026-04-23T06:59:23Z ===
0 MiB, 23028 MiB, 0 %
               total        used        free      shared  buff/cache   available
Mem:           31722        1111        2281           2       28330       30133
=== 2026-04-23T06:59:38Z ===
0 MiB, 23028 MiB, 0 %
               total        used        free      shared  buff/cache   available
Mem:           31722        1093        2299           2       28330       30151
=== 2026-04-23T06:59:53Z ===
0 MiB, 23028 MiB, 0 %
               total        used        free      shared  buff/cache   available
Mem:           31722        1117        2275           2       28330       30127
=== 2026-04-23T07:00:08Z ===
0 MiB, 23028 MiB, 0 %
               total        used        free      shared  buff/cache   available
Mem:           31722        1110        2282           2       28330       30134
=== 2026-04-23T07:00:23Z ===
0 MiB, 23028 MiB, 0 %
               total        used        free      shared  buff/cache   available
Mem:           31722        1119        2272           2       28330       30124
=== 2026-04-23T07:00:38Z ===
0 MiB, 23028 MiB, 0 %
               total        used        free      shared  buff/cache   available
Mem:           31722        1112        2279           2       28330       30131
=== 2026-04-23T07:00:54Z ===
0 MiB, 23028 MiB, 0 %
               total        used        free      shared  buff/cache   available
Mem:           31722        1126        2266           2       28330       30118
=== 2026-04-23T07:01:09Z ===
0 MiB, 23028 MiB, 0 %
               total        used        free      shared  buff/cache   available
Mem:           31722        1115        2277           2       28330       30129
=== 2026-04-23T07:01:24Z ===
0 MiB, 23028 MiB, 0 %
               total        used        free      shared  buff/cache   available
Mem:           31722        1123        2269           2       28330       30121
=== 2026-04-23T07:01:39Z ===
0 MiB, 23028 MiB, 0 %
               total        used        free      shared  buff/cache   available
Mem:           31722        1123        2269           2       28330       30121
=== 2026-04-23T07:01:54Z ===
0 MiB, 23028 MiB, 0 %
               total        used        free      shared  buff/cache   available
Mem:           31722        1119        2273           2       28330       30125
=== 2026-04-23T07:02:09Z ===
0 MiB, 23028 MiB, 0 %
               total        used        free      shared  buff/cache   available
Mem:           31722        1115        2277           2       28330       30129
=== 2026-04-23T07:02:24Z ===
0 MiB, 23028 MiB, 0 %
               total        used        free      shared  buff/cache   available
Mem:           31722        1115        2277           2       28330       30129
=== 2026-04-23T07:02:39Z ===
0 MiB, 23028 MiB, 0 %
               total        used        free      shared  buff/cache   available
Mem:           31722        1088        2304           2       28330       30156
=== 2026-04-23T07:02:54Z ===
0 MiB, 23028 MiB, 0 %
               total        used        free      shared  buff/cache   available
Mem:           31722        1097        2294           2       28330       30146
=== 2026-04-23T07:03:09Z ===
0 MiB, 23028 MiB, 0 %
               total        used        free      shared  buff/cache   available
Mem:           31722        1113        2279           2       28330       30131
=== 2026-04-23T07:03:24Z ===
0 MiB, 23028 MiB, 0 %
               total        used        free      shared  buff/cache   available
Mem:           31722        1106        2286           2       28330       30138
=== 2026-04-23T07:03:39Z ===
0 MiB, 23028 MiB, 0 %
               total        used        free      shared  buff/cache   available
Mem:           31722        1121        2271           2       28330       30123
=== 2026-04-23T07:03:54Z ===
0 MiB, 23028 MiB, 0 %
               total        used        free      shared  buff/cache   available
Mem:           31722        1119        2272           2       28330       30125
=== 2026-04-23T07:04:09Z ===
0 MiB, 23028 MiB, 0 %
               total        used        free      shared  buff/cache   available
Mem:           31722        1124        2268           2       28330       30120
=== 2026-04-23T07:04:24Z ===
0 MiB, 23028 MiB, 0 %
               total        used        free      shared  buff/cache   available
Mem:           31722        1114        2277           2       28330       30130
=== 2026-04-23T07:04:39Z ===
0 MiB, 23028 MiB, 0 %
               total        used        free      shared  buff/cache   available
Mem:           31722        1114        2277           2       28330       30129
=== 2026-04-23T07:04:54Z ===
0 MiB, 23028 MiB, 0 %
               total        used        free      shared  buff/cache   available
Mem:           31722        1115        2277           2       28330       30129
=== 2026-04-23T07:05:09Z ===
0 MiB, 23028 MiB, 0 %
               total        used        free      shared  buff/cache   available
Mem:           31722        1115        2277           2       28330       30129
=== 2026-04-23T07:05:24Z ===
0 MiB, 23028 MiB, 0 %
               total        used        free      shared  buff/cache   available
Mem:           31722        1107        2284           2       28330       30137
=== 2026-04-23T07:05:39Z ===
0 MiB, 23028 MiB, 0 %
               total        used        free      shared  buff/cache   available
Mem:           31722        1106        2285           2       28330       30137
=== 2026-04-23T07:05:54Z ===
0 MiB, 23028 MiB, 0 %
               total        used        free      shared  buff/cache   available
Mem:           31722        1123        2269           2       28330       30121
=== 2026-04-23T07:06:09Z ===
0 MiB, 23028 MiB, 0 %
               total        used        free      shared  buff/cache   available
Mem:           31722        1099        2292           2       28330       30144
=== 2026-04-23T07:06:24Z ===
0 MiB, 23028 MiB, 0 %
               total        used        free      shared  buff/cache   available
Mem:           31722        1114        2278           2       28330       30130
=== 2026-04-23T07:06:39Z ===
0 MiB, 23028 MiB, 0 %
               total        used        free      shared  buff/cache   available
Mem:           31722        1114        2277           2       28330       30129
=== 2026-04-23T07:06:54Z ===
0 MiB, 23028 MiB, 0 %
               total        used        free      shared  buff/cache   available
Mem:           31722        1122        2269           2       28330       30122
=== 2026-04-23T07:07:09Z ===
0 MiB, 23028 MiB, 0 %
               total        used        free      shared  buff/cache   available
Mem:           31722        1095        2296           2       28330       30148
=== 2026-04-23T07:07:24Z ===
0 MiB, 23028 MiB, 0 %
               total        used        free      shared  buff/cache   available
Mem:           31722        1110        2281           2       28330       30134
=== 2026-04-23T07:07:39Z ===
0 MiB, 23028 MiB, 0 %
               total        used        free      shared  buff/cache   available
Mem:           31722        1103        2288           2       28330       30141
=== 2026-04-23T07:07:55Z ===
0 MiB, 23028 MiB, 0 %
               total        used        free      shared  buff/cache   available
Mem:           31722        1111        2280           2       28330       30132
=== 2026-04-23T07:08:10Z ===
0 MiB, 23028 MiB, 0 %
               total        used        free      shared  buff/cache   available
Mem:           31722        1103        2288           2       28330       30140
=== 2026-04-23T07:08:25Z ===
0 MiB, 23028 MiB, 0 %
               total        used        free      shared  buff/cache   available
Mem:           31722        1093        2299           2       28330       30151
=== 2026-04-23T07:08:40Z ===
0 MiB, 23028 MiB, 0 %
               total        used        free      shared  buff/cache   available
Mem:           31722        1114        2277           2       28330       30129
=== 2026-04-23T07:08:55Z ===
0 MiB, 23028 MiB, 0 %
               total        used        free      shared  buff/cache   available
Mem:           31722        1099        2292           2       28330       30145
=== 2026-04-23T07:09:10Z ===
0 MiB, 23028 MiB, 0 %
               total        used        free      shared  buff/cache   available
Mem:           31722        1103        2288           2       28330       30141
=== 2026-04-23T07:09:25Z ===
0 MiB, 23028 MiB, 0 %
               total        used        free      shared  buff/cache   available
Mem:           31722        1117        2274           2       28330       30127
=== 2026-04-23T07:09:40Z ===
0 MiB, 23028 MiB, 0 %
               total        used        free      shared  buff/cache   available
Mem:           31722        1102        2289           2       28330       30141
=== 2026-04-23T07:09:55Z ===
0 MiB, 23028 MiB, 0 %
               total        used        free      shared  buff/cache   available
Mem:           31722        1116        2276           2       28330       30128
=== 2026-04-23T07:10:10Z ===
0 MiB, 23028 MiB, 0 %
               total        used        free      shared  buff/cache   available
Mem:           31722        1115        2276           2       28330       30129
=== 2026-04-23T07:10:25Z ===
0 MiB, 23028 MiB, 0 %
               total        used        free      shared  buff/cache   available
Mem:           31722        1115        2276           2       28330       30128
=== 2026-04-23T07:10:40Z ===
0 MiB, 23028 MiB, 0 %
               total        used        free      shared  buff/cache   available
Mem:           31722        1108        2284           2       28330       30136
=== 2026-04-23T07:10:55Z ===
0 MiB, 23028 MiB, 0 %
               total        used        free      shared  buff/cache   available
Mem:           31722        1116        2275           2       28330       30128
=== 2026-04-23T07:11:10Z ===
0 MiB, 23028 MiB, 0 %
               total        used        free      shared  buff/cache   available
Mem:           31722        1106        2285           2       28330       30137
=== 2026-04-23T07:11:25Z ===
0 MiB, 23028 MiB, 0 %
               total        used        free      shared  buff/cache   available
Mem:           31722        1110        2281           2       28330       30134
=== 2026-04-23T07:11:40Z ===
0 MiB, 23028 MiB, 0 %
               total        used        free      shared  buff/cache   available
Mem:           31722        1115        2276           2       28330       30129
=== 2026-04-23T07:11:55Z ===
0 MiB, 23028 MiB, 0 %
               total        used        free      shared  buff/cache   available
Mem:           31722        1093        2298           2       28330       30151
=== 2026-04-23T07:12:10Z ===
0 MiB, 23028 MiB, 0 %
               total        used        free      shared  buff/cache   available
Mem:           31722        1109        2283           2       28330       30135
=== 2026-04-23T07:12:25Z ===
0 MiB, 23028 MiB, 0 %
               total        used        free      shared  buff/cache   available
Mem:           31722        1104        2287           2       28330       30140
=== 2026-04-23T07:12:40Z ===
0 MiB, 23028 MiB, 0 %
               total        used        free      shared  buff/cache   available
Mem:           31722        1113        2278           2       28330       30131
=== 2026-04-23T07:12:55Z ===
0 MiB, 23028 MiB, 0 %
               total        used        free      shared  buff/cache   available
Mem:           31722        1114        2277           2       28330       30130
=== 2026-04-23T07:13:10Z ===
0 MiB, 23028 MiB, 0 %
               total        used        free      shared  buff/cache   available
Mem:           31722        1113        2278           2       28330       30131
=== 2026-04-23T07:13:25Z ===
0 MiB, 23028 MiB, 0 %
               total        used        free      shared  buff/cache   available
Mem:           31722        1113        2279           2       28330       30131
=== 2026-04-23T07:13:40Z ===
0 MiB, 23028 MiB, 0 %
               total        used        free      shared  buff/cache   available
Mem:           31722        1113        2278           2       28330       30131
=== 2026-04-23T07:13:55Z ===
0 MiB, 23028 MiB, 0 %
               total        used        free      shared  buff/cache   available
Mem:           31722        1105        2286           2       28330       30138
=== 2026-04-23T07:14:10Z ===
0 MiB, 23028 MiB, 0 %
               total        used        free      shared  buff/cache   available
Mem:           31722        1114        2277           2       28330       30130
=== 2026-04-23T07:14:25Z ===
0 MiB, 23028 MiB, 0 %
               total        used        free      shared  buff/cache   available
Mem:           31722        1114        2277           2       28330       30130
=== 2026-04-23T07:14:41Z ===
0 MiB, 23028 MiB, 0 %
               total        used        free      shared  buff/cache   available
Mem:           31722        1113        2279           2       28330       30131
=== 2026-04-23T07:14:56Z ===
0 MiB, 23028 MiB, 0 %
               total        used        free      shared  buff/cache   available
Mem:           31722        1113        2278           2       28330       30130
=== 2026-04-23T07:15:11Z ===
0 MiB, 23028 MiB, 0 %
               total        used        free      shared  buff/cache   available
Mem:           31722        1103        2288           2       28330       30140
=== 2026-04-23T07:15:26Z ===
0 MiB, 23028 MiB, 0 %
               total        used        free      shared  buff/cache   available
Mem:           31722        1115        2276           2       28330       30129
=== 2026-04-23T07:15:41Z ===
0 MiB, 23028 MiB, 0 %
               total        used        free      shared  buff/cache   available
Mem:           31722        1114        2277           2       28330       30129
=== 2026-04-23T07:15:56Z ===
0 MiB, 23028 MiB, 0 %
               total        used        free      shared  buff/cache   available
Mem:           31722        1106        2285           2       28330       30138
=== 2026-04-23T07:16:11Z ===
0 MiB, 23028 MiB, 0 %
               total        used        free      shared  buff/cache   available
Mem:           31722        1115        2276           2       28330       30129
=== 2026-04-23T07:16:26Z ===
0 MiB, 23028 MiB, 0 %
               total        used        free      shared  buff/cache   available
Mem:           31722        1114        2277           2       28330       30130
=== 2026-04-23T07:16:41Z ===
0 MiB, 23028 MiB, 0 %
               total        used        free      shared  buff/cache   available
Mem:           31722        1107        2284           2       28330       30137
=== 2026-04-23T07:16:56Z ===
0 MiB, 23028 MiB, 0 %
               total        used        free      shared  buff/cache   available
Mem:           31722        1106        2285           2       28330       30138
=== 2026-04-23T07:17:11Z ===
0 MiB, 23028 MiB, 0 %
               total        used        free      shared  buff/cache   available
Mem:           31722        1088        2303           2       28330       30156
=== 2026-04-23T07:17:26Z ===
0 MiB, 23028 MiB, 0 %
               total        used        free      shared  buff/cache   available
Mem:           31722        1088        2303           2       28330       30156
=== 2026-04-23T07:17:41Z ===
0 MiB, 23028 MiB, 0 %
               total        used        free      shared  buff/cache   available
Mem:           31722        1113        2278           2       28330       30130
=== 2026-04-23T07:17:56Z ===
0 MiB, 23028 MiB, 0 %
               total        used        free      shared  buff/cache   available
Mem:           31722        1113        2277           2       28330       30130
=== 2026-04-23T07:18:11Z ===
0 MiB, 23028 MiB, 0 %
               total        used        free      shared  buff/cache   available
Mem:           31722        1119        2272           2       28330       30125
=== 2026-04-23T07:18:26Z ===
0 MiB, 23028 MiB, 0 %
               total        used        free      shared  buff/cache   available
Mem:           31722        1103        2288           2       28330       30141
=== 2026-04-23T07:18:41Z ===
0 MiB, 23028 MiB, 0 %
               total        used        free      shared  buff/cache   available
Mem:           31722        1113        2278           2       28330       30131
=== 2026-04-23T07:18:56Z ===
0 MiB, 23028 MiB, 0 %
               total        used        free      shared  buff/cache   available
Mem:           31722        1113        2278           2       28330       30131
=== 2026-04-23T07:19:11Z ===
0 MiB, 23028 MiB, 0 %
               total        used        free      shared  buff/cache   available
Mem:           31722        1084        2307           2       28330       30160
=== 2026-04-23T07:19:26Z ===
0 MiB, 23028 MiB, 0 %
               total        used        free      shared  buff/cache   available
Mem:           31722        1090        2301           2       28330       30153
=== 2026-04-23T07:19:41Z ===
0 MiB, 23028 MiB, 0 %
               total        used        free      shared  buff/cache   available
Mem:           31722        1107        2284           2       28330       30137
=== 2026-04-23T07:19:56Z ===
0 MiB, 23028 MiB, 0 %
               total        used        free      shared  buff/cache   available
Mem:           31722        1101        2290           2       28330       30142
=== 2026-04-23T07:20:11Z ===
0 MiB, 23028 MiB, 0 %
               total        used        free      shared  buff/cache   available
Mem:           31722        1096        2295           2       28330       30148
=== 2026-04-23T07:20:26Z ===
0 MiB, 23028 MiB, 0 %
               total        used        free      shared  buff/cache   available
Mem:           31722        1110        2281           2       28330       30134
=== 2026-04-23T07:20:41Z ===
0 MiB, 23028 MiB, 0 %
               total        used        free      shared  buff/cache   available
Mem:           31722        1108        2283           2       28330       30136
=== 2026-04-23T07:20:56Z ===
0 MiB, 23028 MiB, 0 %
               total        used        free      shared  buff/cache   available
Mem:           31722        1108        2283           2       28330       30136
=== 2026-04-23T07:21:11Z ===
0 MiB, 23028 MiB, 0 %
               total        used        free      shared  buff/cache   available
Mem:           31722        1108        2283           2       28330       30136
=== 2026-04-23T07:21:27Z ===
0 MiB, 23028 MiB, 0 %
               total        used        free      shared  buff/cache   available
Mem:           31722        1108        2283           2       28330       30136
=== 2026-04-23T07:21:42Z ===
0 MiB, 23028 MiB, 0 %
               total        used        free      shared  buff/cache   available
Mem:           31722        1109        2282           2       28330       30135
=== 2026-04-23T07:21:57Z ===
0 MiB, 23028 MiB, 0 %
               total        used        free      shared  buff/cache   available
Mem:           31722        1109        2282           2       28330       30135
=== 2026-04-23T07:22:12Z ===
0 MiB, 23028 MiB, 0 %
               total        used        free      shared  buff/cache   available
Mem:           31722        1086        2305           2       28330       30158
=== 2026-04-23T07:22:27Z ===
0 MiB, 23028 MiB, 0 %
               total        used        free      shared  buff/cache   available
Mem:           31722        1109        2282           2       28330       30135
=== 2026-04-23T07:22:42Z ===
0 MiB, 23028 MiB, 0 %
               total        used        free      shared  buff/cache   available
Mem:           31722        1101        2290           2       28330       30143
=== 2026-04-23T07:22:57Z ===
0 MiB, 23028 MiB, 0 %
               total        used        free      shared  buff/cache   available
Mem:           31722        1101        2290           2       28330       30143
=== 2026-04-23T07:23:12Z ===
0 MiB, 23028 MiB, 0 %
               total        used        free      shared  buff/cache   available
Mem:           31722        1108        2283           2       28330       30135
=== 2026-04-23T07:23:27Z ===
0 MiB, 23028 MiB, 0 %
               total        used        free      shared  buff/cache   available
Mem:           31722        1102        2289           2       28330       30142
=== 2026-04-23T07:23:42Z ===
0 MiB, 23028 MiB, 0 %
               total        used        free      shared  buff/cache   available
Mem:           31722        1108        2283           2       28330       30136
=== 2026-04-23T07:23:57Z ===
0 MiB, 23028 MiB, 0 %
               total        used        free      shared  buff/cache   available
Mem:           31722        1109        2282           2       28330       30135
=== 2026-04-23T07:24:12Z ===
0 MiB, 23028 MiB, 0 %
               total        used        free      shared  buff/cache   available
Mem:           31722        1114        2276           2       28330       30129
=== 2026-04-23T07:24:27Z ===
0 MiB, 23028 MiB, 0 %
               total        used        free      shared  buff/cache   available
Mem:           31722        1092        2298           2       28330       30151
=== 2026-04-23T07:24:42Z ===
0 MiB, 23028 MiB, 0 %
               total        used        free      shared  buff/cache   available
Mem:           31722        1108        2283           2       28330       30136
=== 2026-04-23T07:24:57Z ===
0 MiB, 23028 MiB, 0 %
               total        used        free      shared  buff/cache   available
Mem:           31722        1107        2284           2       28330       30137
=== 2026-04-23T07:25:12Z ===
0 MiB, 23028 MiB, 0 %
               total        used        free      shared  buff/cache   available
Mem:           31722        1106        2285           2       28330       30138
=== 2026-04-23T07:25:27Z ===
0 MiB, 23028 MiB, 0 %
               total        used        free      shared  buff/cache   available
Mem:           31722        1122        2269           2       28330       30121
=== 2026-04-23T07:25:42Z ===
0 MiB, 23028 MiB, 0 %
               total        used        free      shared  buff/cache   available
Mem:           31722        1108        2283           2       28330       30136
=== 2026-04-23T07:25:57Z ===
0 MiB, 23028 MiB, 0 %
               total        used        free      shared  buff/cache   available
Mem:           31722        1114        2276           2       28330       30129
=== 2026-04-23T07:26:12Z ===
0 MiB, 23028 MiB, 0 %
               total        used        free      shared  buff/cache   available
Mem:           31722        1114        2277           2       28330       30130
=== 2026-04-23T07:26:27Z ===
0 MiB, 23028 MiB, 0 %
               total        used        free      shared  buff/cache   available
Mem:           31722        1122        2269           2       28330       30122
=== 2026-04-23T07:26:42Z ===
0 MiB, 23028 MiB, 0 %
               total        used        free      shared  buff/cache   available
Mem:           31722        1120        2271           2       28330       30124
=== 2026-04-23T07:26:57Z ===
0 MiB, 23028 MiB, 0 %
               total        used        free      shared  buff/cache   available
Mem:           31722        1115        2276           2       28330       30129
=== 2026-04-23T07:27:12Z ===
0 MiB, 23028 MiB, 0 %
               total        used        free      shared  buff/cache   available
Mem:           31722        1116        2275           2       28331       30128
=== 2026-04-23T07:27:27Z ===
0 MiB, 23028 MiB, 0 %
               total        used        free      shared  buff/cache   available
Mem:           31722        1115        2275           2       28331       30129
=== 2026-04-23T07:27:42Z ===
0 MiB, 23028 MiB, 0 %
               total        used        free      shared  buff/cache   available
Mem:           31722        1106        2285           2       28331       30138
=== 2026-04-23T07:27:57Z ===
0 MiB, 23028 MiB, 0 %
               total        used        free      shared  buff/cache   available
Mem:           31722        1114        2276           2       28331       30129
=== 2026-04-23T07:28:13Z ===
0 MiB, 23028 MiB, 0 %
               total        used        free      shared  buff/cache   available
Mem:           31722        1078        2313           2       28331       30166
=== 2026-04-23T07:28:28Z ===
0 MiB, 23028 MiB, 0 %
               total        used        free      shared  buff/cache   available
Mem:           31722        1103        2288           2       28331       30141
=== 2026-04-23T07:28:43Z ===
0 MiB, 23028 MiB, 0 %
               total        used        free      shared  buff/cache   available
Mem:           31722        1102        2288           2       28331       30141
=== 2026-04-23T07:28:58Z ===
0 MiB, 23028 MiB, 0 %
               total        used        free      shared  buff/cache   available
Mem:           31722        1100        2291           2       28331       30144
=== 2026-04-23T07:29:13Z ===
0 MiB, 23028 MiB, 0 %
               total        used        free      shared  buff/cache   available
Mem:           31722        1100        2290           2       28331       30143
=== 2026-04-23T07:29:28Z ===
0 MiB, 23028 MiB, 0 %
               total        used        free      shared  buff/cache   available
Mem:           31722        1101        2289           2       28331       30142
=== 2026-04-23T07:29:43Z ===
0 MiB, 23028 MiB, 0 %
               total        used        free      shared  buff/cache   available
Mem:           31722        1100        2291           2       28331       30144
=== 2026-04-23T07:29:58Z ===
0 MiB, 23028 MiB, 0 %
               total        used        free      shared  buff/cache   available
Mem:           31722        1104        2287           2       28331       30140
=== 2026-04-23T07:30:13Z ===
0 MiB, 23028 MiB, 0 %
               total        used        free      shared  buff/cache   available
Mem:           31722        1085        2305           2       28331       30158
=== 2026-04-23T07:30:28Z ===
0 MiB, 23028 MiB, 0 %
               total        used        free      shared  buff/cache   available
Mem:           31722        1099        2291           2       28331       30144
=== 2026-04-23T07:30:43Z ===
0 MiB, 23028 MiB, 0 %
               total        used        free      shared  buff/cache   available
Mem:           31722        1100        2290           2       28331       30143
=== 2026-04-23T07:30:58Z ===
0 MiB, 23028 MiB, 0 %
               total        used        free      shared  buff/cache   available
Mem:           31722        1100        2290           2       28331       30143
=== 2026-04-23T07:31:13Z ===
0 MiB, 23028 MiB, 0 %
               total        used        free      shared  buff/cache   available
Mem:           31722        1101        2290           2       28331       30143
=== 2026-04-23T07:31:28Z ===
0 MiB, 23028 MiB, 0 %
               total        used        free      shared  buff/cache   available
Mem:           31722        1093        2298           2       28331       30151
=== 2026-04-23T07:31:43Z ===
0 MiB, 23028 MiB, 0 %
               total        used        free      shared  buff/cache   available
Mem:           31722        1111        2279           2       28331       30132
=== 2026-04-23T07:31:58Z ===
0 MiB, 23028 MiB, 0 %
               total        used        free      shared  buff/cache   available
Mem:           31722        1111        2279           2       28331       30132
=== 2026-04-23T07:32:13Z ===
0 MiB, 23028 MiB, 0 %
               total        used        free      shared  buff/cache   available
Mem:           31722        1109        2282           2       28331       30135
=== 2026-04-23T07:32:28Z ===
0 MiB, 23028 MiB, 0 %
               total        used        free      shared  buff/cache   available
Mem:           31722        1111        2280           2       28331       30133
=== 2026-04-23T07:32:43Z ===
0 MiB, 23028 MiB, 0 %
               total        used        free      shared  buff/cache   available
Mem:           31722        1108        2282           2       28331       30136
=== 2026-04-23T07:32:58Z ===
0 MiB, 23028 MiB, 0 %
               total        used        free      shared  buff/cache   available
Mem:           31722        1108        2282           2       28331       30135
=== 2026-04-23T07:33:13Z ===
0 MiB, 23028 MiB, 0 %
               total        used        free      shared  buff/cache   available
Mem:           31722        1108        2282           2       28331       30135
=== 2026-04-23T07:33:28Z ===
0 MiB, 23028 MiB, 0 %
               total        used        free      shared  buff/cache   available
Mem:           31722        1116        2275           2       28331       30128
=== 2026-04-23T07:33:43Z ===
0 MiB, 23028 MiB, 0 %
               total        used        free      shared  buff/cache   available
Mem:           31722        1108        2282           2       28331       30135
=== 2026-04-23T07:33:58Z ===
0 MiB, 23028 MiB, 0 %
               total        used        free      shared  buff/cache   available
Mem:           31722        1108        2282           2       28331       30135
=== 2026-04-23T07:34:13Z ===
0 MiB, 23028 MiB, 0 %
               total        used        free      shared  buff/cache   available
Mem:           31722        1108        2282           2       28331       30135
=== 2026-04-23T07:34:28Z ===
0 MiB, 23028 MiB, 0 %
               total        used        free      shared  buff/cache   available
Mem:           31722        1108        2283           2       28331       30136
=== 2026-04-23T07:34:43Z ===
0 MiB, 23028 MiB, 0 %
               total        used        free      shared  buff/cache   available
Mem:           31722        1115        2275           2       28331       30128
=== 2026-04-23T07:34:58Z ===
0 MiB, 23028 MiB, 0 %
               total        used        free      shared  buff/cache   available
Mem:           31722        1108        2282           2       28331       30135
=== 2026-04-23T07:35:14Z ===
0 MiB, 23028 MiB, 0 %
               total        used        free      shared  buff/cache   available
Mem:           31722        1106        2284           2       28331       30137
=== 2026-04-23T07:35:29Z ===
0 MiB, 23028 MiB, 0 %
               total        used        free      shared  buff/cache   available
Mem:           31722        1116        2275           2       28331       30128
=== 2026-04-23T07:35:44Z ===
0 MiB, 23028 MiB, 0 %
               total        used        free      shared  buff/cache   available
Mem:           31722        1108        2283           2       28331       30136
=== 2026-04-23T07:35:59Z ===
0 MiB, 23028 MiB, 0 %
               total        used        free      shared  buff/cache   available
Mem:           31722        1108        2283           2       28331       30136
=== 2026-04-23T07:36:14Z ===
0 MiB, 23028 MiB, 0 %
               total        used        free      shared  buff/cache   available
Mem:           31722        1115        2275           2       28331       30129
=== 2026-04-23T07:36:29Z ===
0 MiB, 23028 MiB, 0 %
               total        used        free      shared  buff/cache   available
Mem:           31722        1110        2281           2       28331       30134
=== 2026-04-23T07:36:44Z ===
0 MiB, 23028 MiB, 0 %
               total        used        free      shared  buff/cache   available
Mem:           31722        1079        2311           2       28331       30164
=== 2026-04-23T07:36:59Z ===
0 MiB, 23028 MiB, 0 %
               total        used        free      shared  buff/cache   available
Mem:           31722        1104        2287           2       28331       30140
=== 2026-04-23T07:37:14Z ===
0 MiB, 23028 MiB, 0 %
               total        used        free      shared  buff/cache   available
Mem:           31722        1097        2294           2       28331       30147
=== 2026-04-23T07:37:29Z ===
0 MiB, 23028 MiB, 0 %
               total        used        free      shared  buff/cache   available
Mem:           31722        1094        2296           2       28331       30150
=== 2026-04-23T07:37:44Z ===
0 MiB, 23028 MiB, 0 %
               total        used        free      shared  buff/cache   available
Mem:           31722        1101        2289           2       28331       30142
=== 2026-04-23T07:37:59Z ===
0 MiB, 23028 MiB, 0 %
               total        used        free      shared  buff/cache   available
Mem:           31722        1101        2289           2       28331       30143
=== 2026-04-23T07:38:14Z ===
0 MiB, 23028 MiB, 0 %
               total        used        free      shared  buff/cache   available
Mem:           31722        1102        2288           2       28331       30142
=== 2026-04-23T07:38:29Z ===
0 MiB, 23028 MiB, 0 %
               total        used        free      shared  buff/cache   available
Mem:           31722        1102        2288           2       28331       30141
=== 2026-04-23T07:38:44Z ===
0 MiB, 23028 MiB, 0 %
               total        used        free      shared  buff/cache   available
Mem:           31722        1102        2288           2       28331       30142
=== 2026-04-23T07:38:59Z ===
0 MiB, 23028 MiB, 0 %
               total        used        free      shared  buff/cache   available
Mem:           31722        1102        2288           2       28331       30142
=== 2026-04-23T07:39:14Z ===
0 MiB, 23028 MiB, 0 %
               total        used        free      shared  buff/cache   available
Mem:           31722        1110        2281           2       28331       30134
=== 2026-04-23T07:39:29Z ===
0 MiB, 23028 MiB, 0 %
               total        used        free      shared  buff/cache   available
Mem:           31722        1102        2288           2       28331       30141
=== 2026-04-23T07:39:44Z ===
0 MiB, 23028 MiB, 0 %
               total        used        free      shared  buff/cache   available
Mem:           31722        1102        2289           2       28331       30142
=== 2026-04-23T07:39:59Z ===
0 MiB, 23028 MiB, 0 %
               total        used        free      shared  buff/cache   available
Mem:           31722        1108        2282           2       28331       30136
=== 2026-04-23T07:40:14Z ===
0 MiB, 23028 MiB, 0 %
               total        used        free      shared  buff/cache   available
Mem:           31722        1101        2289           2       28331       30143
=== 2026-04-23T07:40:29Z ===
0 MiB, 23028 MiB, 0 %
               total        used        free      shared  buff/cache   available
Mem:           31722        1108        2283           2       28331       30136
=== 2026-04-23T07:40:44Z ===
0 MiB, 23028 MiB, 0 %
               total        used        free      shared  buff/cache   available
Mem:           31722        1108        2282           2       28331       30136
=== 2026-04-23T07:40:59Z ===
0 MiB, 23028 MiB, 0 %
               total        used        free      shared  buff/cache   available
Mem:           31722        1078        2312           2       28331       30166
=== 2026-04-23T07:41:14Z ===
0 MiB, 23028 MiB, 0 %
               total        used        free      shared  buff/cache   available
Mem:           31722        1095        2295           2       28331       30148
=== 2026-04-23T07:41:29Z ===
0 MiB, 23028 MiB, 0 %
               total        used        free      shared  buff/cache   available
Mem:           31722        1101        2289           2       28331       30143
=== 2026-04-23T07:41:44Z ===
0 MiB, 23028 MiB, 0 %
               total        used        free      shared  buff/cache   available
Mem:           31722        1109        2281           2       28331       30135
=== 2026-04-23T07:42:00Z ===
0 MiB, 23028 MiB, 0 %
               total        used        free      shared  buff/cache   available
Mem:           31722        1109        2281           2       28331       30134
=== 2026-04-23T07:42:15Z ===
0 MiB, 23028 MiB, 0 %
               total        used        free      shared  buff/cache   available
Mem:           31722        1087        2303           2       28331       30157
=== 2026-04-23T07:42:30Z ===
0 MiB, 23028 MiB, 0 %
               total        used        free      shared  buff/cache   available
Mem:           31722        1103        2287           2       28331       30140
=== 2026-04-23T07:42:45Z ===
0 MiB, 23028 MiB, 0 %
               total        used        free      shared  buff/cache   available
Mem:           31722        1103        2287           2       28331       30141
=== 2026-04-23T07:43:00Z ===
0 MiB, 23028 MiB, 0 %
               total        used        free      shared  buff/cache   available
Mem:           31722        1089        2301           2       28331       30155
=== 2026-04-23T07:43:15Z ===
0 MiB, 23028 MiB, 0 %
               total        used        free      shared  buff/cache   available
Mem:           31722        1095        2295           2       28331       30149
=== 2026-04-23T07:43:30Z ===
0 MiB, 23028 MiB, 0 %
               total        used        free      shared  buff/cache   available
Mem:           31722        1103        2288           2       28331       30141
=== 2026-04-23T07:43:45Z ===
0 MiB, 23028 MiB, 0 %
               total        used        free      shared  buff/cache   available
Mem:           31722        1117        2273           2       28331       30127
=== 2026-04-23T07:44:00Z ===
0 MiB, 23028 MiB, 0 %
               total        used        free      shared  buff/cache   available
Mem:           31722        1114        2276           2       28331       30130
=== 2026-04-23T07:44:15Z ===
0 MiB, 23028 MiB, 0 %
               total        used        free      shared  buff/cache   available
Mem:           31722        1116        2274           2       28331       30128
=== 2026-04-23T07:44:30Z ===
0 MiB, 23028 MiB, 0 %
               total        used        free      shared  buff/cache   available
Mem:           31722        1091        2299           2       28331       30153
=== 2026-04-23T07:44:45Z ===
0 MiB, 23028 MiB, 0 %
               total        used        free      shared  buff/cache   available
Mem:           31722        1099        2291           2       28331       30145
=== 2026-04-23T07:45:00Z ===
0 MiB, 23028 MiB, 0 %
               total        used        free      shared  buff/cache   available
Mem:           31722        1107        2283           2       28331       30137
=== 2026-04-23T07:45:15Z ===
0 MiB, 23028 MiB, 0 %
               total        used        free      shared  buff/cache   available
Mem:           31722        1092        2298           2       28331       30152
=== 2026-04-23T07:45:30Z ===
0 MiB, 23028 MiB, 0 %
               total        used        free      shared  buff/cache   available
Mem:           31722        1101        2290           2       28331       30143
=== 2026-04-23T07:45:45Z ===
0 MiB, 23028 MiB, 0 %
               total        used        free      shared  buff/cache   available
Mem:           31722        1110        2280           2       28331       30134
=== 2026-04-23T07:46:00Z ===
0 MiB, 23028 MiB, 0 %
               total        used        free      shared  buff/cache   available
Mem:           31722        1094        2296           2       28331       30149
=== 2026-04-23T07:46:15Z ===
0 MiB, 23028 MiB, 0 %
               total        used        free      shared  buff/cache   available
Mem:           31722        1079        2311           2       28331       30165
=== 2026-04-23T07:46:30Z ===
0 MiB, 23028 MiB, 0 %
               total        used        free      shared  buff/cache   available
Mem:           31722        1094        2296           2       28331       30149
=== 2026-04-23T07:46:45Z ===
0 MiB, 23028 MiB, 0 %
               total        used        free      shared  buff/cache   available
Mem:           31722        1088        2302           2       28331       30156
=== 2026-04-23T07:47:00Z ===
0 MiB, 23028 MiB, 0 %
               total        used        free      shared  buff/cache   available
Mem:           31722        1103        2287           2       28331       30141
=== 2026-04-23T07:47:15Z ===
0 MiB, 23028 MiB, 0 %
               total        used        free      shared  buff/cache   available
Mem:           31722        1105        2285           2       28331       30139
=== 2026-04-23T07:47:30Z ===
0 MiB, 23028 MiB, 0 %
               total        used        free      shared  buff/cache   available
Mem:           31722        1104        2286           2       28331       30140
=== 2026-04-23T07:47:45Z ===
0 MiB, 23028 MiB, 0 %
               total        used        free      shared  buff/cache   available
Mem:           31722        1104        2286           2       28331       30139
=== 2026-04-23T07:48:00Z ===
0 MiB, 23028 MiB, 0 %
               total        used        free      shared  buff/cache   available
Mem:           31722        1105        2285           2       28331       30138
=== 2026-04-23T07:48:15Z ===
0 MiB, 23028 MiB, 0 %
               total        used        free      shared  buff/cache   available
Mem:           31722        1106        2284           2       28331       30138
=== 2026-04-23T07:48:30Z ===
0 MiB, 23028 MiB, 0 %
               total        used        free      shared  buff/cache   available
Mem:           31722        1105        2285           2       28331       30138
=== 2026-04-23T07:48:46Z ===
0 MiB, 23028 MiB, 0 %
               total        used        free      shared  buff/cache   available
Mem:           31722        1105        2285           2       28331       30138
=== 2026-04-23T07:49:01Z ===
0 MiB, 23028 MiB, 0 %
               total        used        free      shared  buff/cache   available
Mem:           31722        1106        2284           2       28331       30138
=== 2026-04-23T07:49:16Z ===
0 MiB, 23028 MiB, 0 %
               total        used        free      shared  buff/cache   available
Mem:           31722        1076        2313           2       28331       30167
=== 2026-04-23T07:49:31Z ===
0 MiB, 23028 MiB, 0 %
               total        used        free      shared  buff/cache   available
Mem:           31722        1093        2297           2       28331       30150
=== 2026-04-23T07:49:46Z ===
0 MiB, 23028 MiB, 0 %
               total        used        free      shared  buff/cache   available
Mem:           31722        1098        2292           2       28331       30145
=== 2026-04-23T07:50:01Z ===
0 MiB, 23028 MiB, 0 %
               total        used        free      shared  buff/cache   available
Mem:           31722        1098        2291           2       28331       30145
=== 2026-04-23T07:50:16Z ===
0 MiB, 23028 MiB, 0 %
               total        used        free      shared  buff/cache   available
Mem:           31722        1099        2290           2       28331       30144
=== 2026-04-23T07:50:31Z ===
0 MiB, 23028 MiB, 0 %
               total        used        free      shared  buff/cache   available
Mem:           31722        1102        2287           2       28331       30141
=== 2026-04-23T07:50:46Z ===
0 MiB, 23028 MiB, 0 %
               total        used        free      shared  buff/cache   available
Mem:           31722        1101        2289           2       28331       30142
=== 2026-04-23T07:51:01Z ===
0 MiB, 23028 MiB, 0 %
               total        used        free      shared  buff/cache   available
Mem:           31722        1102        2287           2       28331       30141
=== 2026-04-23T07:51:16Z ===
0 MiB, 23028 MiB, 0 %
               total        used        free      shared  buff/cache   available
Mem:           31722        1104        2286           2       28331       30140
=== 2026-04-23T07:51:31Z ===
0 MiB, 23028 MiB, 0 %
               total        used        free      shared  buff/cache   available
Mem:           31722        1096        2294           2       28331       30148
=== 2026-04-23T07:51:46Z ===
0 MiB, 23028 MiB, 0 %
               total        used        free      shared  buff/cache   available
Mem:           31722        1097        2292           2       28331       30146
=== 2026-04-23T07:52:01Z ===
0 MiB, 23028 MiB, 0 %
               total        used        free      shared  buff/cache   available
Mem:           31722        1105        2285           2       28331       30139
=== 2026-04-23T07:52:16Z ===
0 MiB, 23028 MiB, 0 %
               total        used        free      shared  buff/cache   available
Mem:           31722        1107        2283           2       28331       30137
=== 2026-04-23T07:52:31Z ===
0 MiB, 23028 MiB, 0 %
               total        used        free      shared  buff/cache   available
Mem:           31722        1106        2284           2       28331       30138
=== 2026-04-23T07:52:46Z ===
0 MiB, 23028 MiB, 0 %
               total        used        free      shared  buff/cache   available
Mem:           31722        1099        2291           2       28331       30145
=== 2026-04-23T07:53:01Z ===
0 MiB, 23028 MiB, 0 %
               total        used        free      shared  buff/cache   available
Mem:           31722        1098        2292           2       28331       30146
=== 2026-04-23T07:53:16Z ===
0 MiB, 23028 MiB, 0 %
               total        used        free      shared  buff/cache   available
Mem:           31722        1113        2277           2       28331       30131
=== 2026-04-23T07:53:31Z ===
0 MiB, 23028 MiB, 0 %
               total        used        free      shared  buff/cache   available
Mem:           31722        1121        2268           2       28331       30122
=== 2026-04-23T07:53:46Z ===
0 MiB, 23028 MiB, 0 %
               total        used        free      shared  buff/cache   available
Mem:           31722        1120        2270           2       28331       30124
=== 2026-04-23T07:54:01Z ===
0 MiB, 23028 MiB, 0 %
               total        used        free      shared  buff/cache   available
Mem:           31722        1113        2277           2       28331       30131
=== 2026-04-23T07:54:16Z ===
0 MiB, 23028 MiB, 0 %
               total        used        free      shared  buff/cache   available
Mem:           31722        1119        2270           2       28331       30124
=== 2026-04-23T07:54:31Z ===
0 MiB, 23028 MiB, 0 %
               total        used        free      shared  buff/cache   available
Mem:           31722        1119        2271           2       28331       30125
=== 2026-04-23T07:54:46Z ===
0 MiB, 23028 MiB, 0 %
               total        used        free      shared  buff/cache   available
Mem:           31722        1096        2294           2       28331       30148
=== 2026-04-23T07:55:01Z ===
0 MiB, 23028 MiB, 0 %
               total        used        free      shared  buff/cache   available
Mem:           31722        1103        2287           2       28331       30141
=== 2026-04-23T07:55:16Z ===
0 MiB, 23028 MiB, 0 %
               total        used        free      shared  buff/cache   available
Mem:           31722        1097        2292           2       28332       30146
=== 2026-04-23T07:55:32Z ===
0 MiB, 23028 MiB, 0 %
               total        used        free      shared  buff/cache   available
Mem:           31722        1093        2297           2       28332       30151
=== 2026-04-23T07:55:47Z ===
0 MiB, 23028 MiB, 0 %
               total        used        free      shared  buff/cache   available
Mem:           31722        1101        2289           2       28332       30143
=== 2026-04-23T07:56:02Z ===
0 MiB, 23028 MiB, 0 %
               total        used        free      shared  buff/cache   available
Mem:           31722        1095        2294           2       28332       30148
=== 2026-04-23T07:56:17Z ===
0 MiB, 23028 MiB, 0 %
               total        used        free      shared  buff/cache   available
Mem:           31722        1098        2291           2       28332       30145
=== 2026-04-23T07:56:32Z ===
0 MiB, 23028 MiB, 0 %
               total        used        free      shared  buff/cache   available
Mem:           31722        1106        2284           2       28332       30138
=== 2026-04-23T07:56:47Z ===
0 MiB, 23028 MiB, 0 %
               total        used        free      shared  buff/cache   available
Mem:           31722        1106        2283           2       28332       30137
=== 2026-04-23T07:57:02Z ===
0 MiB, 23028 MiB, 0 %
               total        used        free      shared  buff/cache   available
Mem:           31722        1098        2291           2       28332       30145
=== 2026-04-23T07:57:17Z ===
0 MiB, 23028 MiB, 0 %
               total        used        free      shared  buff/cache   available
Mem:           31722        1106        2283           2       28332       30137
=== 2026-04-23T07:57:32Z ===
0 MiB, 23028 MiB, 0 %
               total        used        free      shared  buff/cache   available
Mem:           31722        1098        2291           2       28332       30145
=== 2026-04-23T07:57:47Z ===
0 MiB, 23028 MiB, 0 %
               total        used        free      shared  buff/cache   available
Mem:           31722        1106        2284           2       28332       30138
=== 2026-04-23T07:58:02Z ===
0 MiB, 23028 MiB, 0 %
               total        used        free      shared  buff/cache   available
Mem:           31722        1105        2284           2       28332       30138
=== 2026-04-23T07:58:17Z ===
0 MiB, 23028 MiB, 0 %
               total        used        free      shared  buff/cache   available
Mem:           31722        1104        2286           2       28332       30140
=== 2026-04-23T07:58:32Z ===
0 MiB, 23028 MiB, 0 %
               total        used        free      shared  buff/cache   available
Mem:           31722        1105        2285           2       28332       30139
=== 2026-04-23T07:58:47Z ===
0 MiB, 23028 MiB, 0 %
               total        used        free      shared  buff/cache   available
Mem:           31722        1105        2285           2       28332       30139
=== 2026-04-23T07:59:02Z ===
0 MiB, 23028 MiB, 0 %
               total        used        free      shared  buff/cache   available
Mem:           31722        1104        2285           2       28332       30140
=== 2026-04-23T07:59:17Z ===
0 MiB, 23028 MiB, 0 %
               total        used        free      shared  buff/cache   available
Mem:           31722        1104        2285           2       28332       30140
=== 2026-04-23T07:59:32Z ===
0 MiB, 23028 MiB, 0 %
               total        used        free      shared  buff/cache   available
Mem:           31722        1113        2276           2       28332       30130
=== 2026-04-23T07:59:47Z ===
0 MiB, 23028 MiB, 0 %
               total        used        free      shared  buff/cache   available
Mem:           31722        1116        2273           2       28332       30128
=== 2026-04-23T08:00:02Z ===
0 MiB, 23028 MiB, 0 %
               total        used        free      shared  buff/cache   available
Mem:           31722        1095        2295           2       28332       30149
=== 2026-04-23T08:00:17Z ===
0 MiB, 23028 MiB, 0 %
               total        used        free      shared  buff/cache   available
Mem:           31722        1104        2285           2       28332       30139
=== 2026-04-23T08:00:32Z ===
0 MiB, 23028 MiB, 0 %
               total        used        free      shared  buff/cache   available
Mem:           31722        1101        2289           2       28332       30143
=== 2026-04-23T08:00:47Z ===
0 MiB, 23028 MiB, 0 %
               total        used        free      shared  buff/cache   available
Mem:           31722        1098        2292           2       28332       30146
=== 2026-04-23T08:01:02Z ===
0 MiB, 23028 MiB, 0 %
               total        used        free      shared  buff/cache   available
Mem:           31722        1084        2306           2       28332       30160
=== 2026-04-23T08:01:17Z ===
0 MiB, 23028 MiB, 0 %
               total        used        free      shared  buff/cache   available
Mem:           31722        1091        2298           2       28332       30152
=== 2026-04-23T08:01:32Z ===
0 MiB, 23028 MiB, 0 %
               total        used        free      shared  buff/cache   available
Mem:           31722        1107        2283           2       28332       30137
=== 2026-04-23T08:01:47Z ===
0 MiB, 23028 MiB, 0 %
               total        used        free      shared  buff/cache   available
Mem:           31722        1101        2289           2       28332       30143
=== 2026-04-23T08:02:02Z ===
0 MiB, 23028 MiB, 0 %
               total        used        free      shared  buff/cache   available
Mem:           31722        1109        2280           2       28332       30135
=== 2026-04-23T08:02:18Z ===
0 MiB, 23028 MiB, 0 %
               total        used        free      shared  buff/cache   available
Mem:           31722        1108        2281           2       28332       30135
=== 2026-04-23T08:02:33Z ===
0 MiB, 23028 MiB, 0 %
               total        used        free      shared  buff/cache   available
Mem:           31722        1108        2281           2       28332       30135
=== 2026-04-23T08:02:48Z ===
0 MiB, 23028 MiB, 0 %
               total        used        free      shared  buff/cache   available
Mem:           31722        1108        2282           2       28332       30136
=== 2026-04-23T08:03:03Z ===
0 MiB, 23028 MiB, 0 %
               total        used        free      shared  buff/cache   available
Mem:           31722        1108        2282           2       28332       30136
=== 2026-04-23T08:03:18Z ===
0 MiB, 23028 MiB, 0 %
               total        used        free      shared  buff/cache   available
Mem:           31722        1108        2282           2       28332       30136
=== 2026-04-23T08:03:33Z ===
0 MiB, 23028 MiB, 0 %
               total        used        free      shared  buff/cache   available
Mem:           31722        1107        2282           2       28332       30137
=== 2026-04-23T08:03:48Z ===
0 MiB, 23028 MiB, 0 %
               total        used        free      shared  buff/cache   available
Mem:           31722        1107        2282           2       28332       30136
=== 2026-04-23T08:04:03Z ===
0 MiB, 23028 MiB, 0 %
               total        used        free      shared  buff/cache   available
Mem:           31722        1108        2281           2       28332       30136
=== 2026-04-23T08:04:18Z ===
0 MiB, 23028 MiB, 0 %
               total        used        free      shared  buff/cache   available
Mem:           31722        1108        2282           2       28332       30136
=== 2026-04-23T08:04:33Z ===
0 MiB, 23028 MiB, 0 %
               total        used        free      shared  buff/cache   available
Mem:           31722        1108        2282           2       28332       30136
=== 2026-04-23T08:04:48Z ===
0 MiB, 23028 MiB, 0 %
               total        used        free      shared  buff/cache   available
Mem:           31722        1108        2282           2       28332       30136
=== 2026-04-23T08:05:03Z ===
0 MiB, 23028 MiB, 0 %
               total        used        free      shared  buff/cache   available
Mem:           31722        1107        2282           2       28332       30136
=== 2026-04-23T08:05:18Z ===
0 MiB, 23028 MiB, 0 %
               total        used        free      shared  buff/cache   available
Mem:           31722        1092        2297           2       28332       30152
=== 2026-04-23T08:05:33Z ===
0 MiB, 23028 MiB, 0 %
               total        used        free      shared  buff/cache   available
Mem:           31722        1098        2291           2       28332       30145
=== 2026-04-23T08:05:48Z ===
0 MiB, 23028 MiB, 0 %
               total        used        free      shared  buff/cache   available
Mem:           31722        1106        2283           2       28332       30138
=== 2026-04-23T08:06:03Z ===
0 MiB, 23028 MiB, 0 %
               total        used        free      shared  buff/cache   available
Mem:           31722        1107        2282           2       28332       30136
=== 2026-04-23T08:06:18Z ===
0 MiB, 23028 MiB, 0 %
               total        used        free      shared  buff/cache   available
Mem:           31722        1107        2282           2       28332       30137
=== 2026-04-23T08:06:33Z ===
0 MiB, 23028 MiB, 0 %
               total        used        free      shared  buff/cache   available
Mem:           31722        1107        2282           2       28332       30137
=== 2026-04-23T08:06:48Z ===
0 MiB, 23028 MiB, 0 %
               total        used        free      shared  buff/cache   available
Mem:           31722        1106        2283           2       28332       30138
=== 2026-04-23T08:07:03Z ===
0 MiB, 23028 MiB, 0 %
               total        used        free      shared  buff/cache   available
Mem:           31722        1110        2280           2       28332       30134
=== 2026-04-23T08:07:18Z ===
0 MiB, 23028 MiB, 0 %
               total        used        free      shared  buff/cache   available
Mem:           31722        1109        2280           2       28332       30135
=== 2026-04-23T08:07:33Z ===
0 MiB, 23028 MiB, 0 %
               total        used        free      shared  buff/cache   available
Mem:           31722        1111        2279           2       28332       30133
=== 2026-04-23T08:07:48Z ===
0 MiB, 23028 MiB, 0 %
               total        used        free      shared  buff/cache   available
Mem:           31722        1103        2287           2       28332       30141
=== 2026-04-23T08:08:03Z ===
0 MiB, 23028 MiB, 0 %
               total        used        free      shared  buff/cache   available
Mem:           31722        1111        2279           2       28332       30133
=== 2026-04-23T08:08:18Z ===
0 MiB, 23028 MiB, 0 %
               total        used        free      shared  buff/cache   available
Mem:           31722        1111        2278           2       28332       30132
=== 2026-04-23T08:08:33Z ===
0 MiB, 23028 MiB, 0 %
               total        used        free      shared  buff/cache   available
Mem:           31722        1081        2308           2       28332       30163
=== 2026-04-23T08:08:48Z ===
0 MiB, 23028 MiB, 0 %
               total        used        free      shared  buff/cache   available
Mem:           31722        1097        2292           2       28332       30147
=== 2026-04-23T08:09:03Z ===
0 MiB, 23028 MiB, 0 %
               total        used        free      shared  buff/cache   available
Mem:           31722        1095        2295           2       28332       30149
=== 2026-04-23T08:09:19Z ===
0 MiB, 23028 MiB, 0 %
               total        used        free      shared  buff/cache   available
Mem:           31722        1110        2279           2       28332       30133
=== 2026-04-23T08:09:34Z ===
0 MiB, 23028 MiB, 0 %
               total        used        free      shared  buff/cache   available
Mem:           31722        1095        2294           2       28332       30149
=== 2026-04-23T08:09:49Z ===
0 MiB, 23028 MiB, 0 %
               total        used        free      shared  buff/cache   available
Mem:           31722        1102        2287           2       28332       30142
=== 2026-04-23T08:10:04Z ===
0 MiB, 23028 MiB, 0 %
               total        used        free      shared  buff/cache   available
Mem:           31722        1109        2280           2       28332       30135
=== 2026-04-23T08:10:19Z ===
0 MiB, 23028 MiB, 0 %
               total        used        free      shared  buff/cache   available
Mem:           31722        1110        2279           2       28332       30133
=== 2026-04-23T08:10:34Z ===
0 MiB, 23028 MiB, 0 %
               total        used        free      shared  buff/cache   available
Mem:           31722        1111        2278           2       28332       30133
=== 2026-04-23T08:10:49Z ===
0 MiB, 23028 MiB, 0 %
               total        used        free      shared  buff/cache   available
Mem:           31722        1111        2278           2       28332       30133
=== 2026-04-23T08:11:04Z ===
0 MiB, 23028 MiB, 0 %
               total        used        free      shared  buff/cache   available
Mem:           31722        1111        2278           2       28332       30133
=== 2026-04-23T08:11:19Z ===
0 MiB, 23028 MiB, 0 %
               total        used        free      shared  buff/cache   available
Mem:           31722        1102        2287           2       28332       30141
=== 2026-04-23T08:11:34Z ===
0 MiB, 23028 MiB, 0 %
               total        used        free      shared  buff/cache   available
Mem:           31722        1111        2279           2       28332       30133
=== 2026-04-23T08:11:49Z ===
0 MiB, 23028 MiB, 0 %
               total        used        free      shared  buff/cache   available
Mem:           31722        1095        2294           2       28332       30149
=== 2026-04-23T08:12:04Z ===
0 MiB, 23028 MiB, 0 %
               total        used        free      shared  buff/cache   available
Mem:           31722        1102        2287           2       28332       30142
=== 2026-04-23T08:12:19Z ===
0 MiB, 23028 MiB, 0 %
               total        used        free      shared  buff/cache   available
Mem:           31722        1109        2280           2       28332       30135
=== 2026-04-23T08:12:34Z ===
0 MiB, 23028 MiB, 0 %
               total        used        free      shared  buff/cache   available
Mem:           31722        1109        2280           2       28332       30134
=== 2026-04-23T08:12:49Z ===
0 MiB, 23028 MiB, 0 %
               total        used        free      shared  buff/cache   available
Mem:           31722        1109        2280           2       28332       30135
=== 2026-04-23T08:13:04Z ===
0 MiB, 23028 MiB, 0 %
               total        used        free      shared  buff/cache   available
Mem:           31722        1110        2279           2       28332       30134
=== 2026-04-23T08:13:19Z ===
0 MiB, 23028 MiB, 0 %
               total        used        free      shared  buff/cache   available
Mem:           31722        1102        2287           2       28332       30142
=== 2026-04-23T08:13:34Z ===
0 MiB, 23028 MiB, 0 %
               total        used        free      shared  buff/cache   available
Mem:           31722        1079        2310           2       28332       30165
=== 2026-04-23T08:13:49Z ===
0 MiB, 23028 MiB, 0 %
               total        used        free      shared  buff/cache   available
Mem:           31722        1095        2294           2       28332       30149
=== 2026-04-23T08:14:04Z ===
0 MiB, 23028 MiB, 0 %
               total        used        free      shared  buff/cache   available
Mem:           31722        1101        2288           2       28332       30143
=== 2026-04-23T08:14:19Z ===
0 MiB, 23028 MiB, 0 %
               total        used        free      shared  buff/cache   available
Mem:           31722        1101        2288           2       28332       30142
=== 2026-04-23T15:17:10Z ===
0 MiB, 23028 MiB, 0 %
               total        used        free      shared  buff/cache   available
Mem:           31722         919        2454           2       28349       30325
=== 2026-04-23T15:18:10Z ===
0 MiB, 23028 MiB, 0 %
               total        used        free      shared  buff/cache   available
Mem:           31722         904        2468           2       28349       30339
=== 2026-04-23T15:18:25Z ===
0 MiB, 23028 MiB, 0 %
               total        used        free      shared  buff/cache   available
Mem:           31722        1120        2252           2       28349       30123
=== 2026-04-23T15:18:40Z ===
0 MiB, 23028 MiB, 0 %
               total        used        free      shared  buff/cache   available
Mem:           31722        1095        2277           2       28349       30148
=== 2026-04-23T15:18:55Z ===
0 MiB, 23028 MiB, 0 %
               total        used        free      shared  buff/cache   available
Mem:           31722        1092        2280           2       28349       30152
=== 2026-04-23T15:19:10Z ===
0 MiB, 23028 MiB, 0 %
               total        used        free      shared  buff/cache   available
Mem:           31722        1098        2274           2       28349       30146
=== 2026-04-23T15:19:25Z ===
0 MiB, 23028 MiB, 0 %
               total        used        free      shared  buff/cache   available
Mem:           31722        1080        2293           2       28349       30164
=== 2026-04-23T15:19:40Z ===
0 MiB, 23028 MiB, 0 %
               total        used        free      shared  buff/cache   available
Mem:           31722        1095        2277           2       28349       30149
=== 2026-04-23T15:19:55Z ===
0 MiB, 23028 MiB, 0 %
               total        used        free      shared  buff/cache   available
Mem:           31722        1102        2271           2       28349       30142
=== 2026-04-23T15:20:10Z ===
0 MiB, 23028 MiB, 0 %
               total        used        free      shared  buff/cache   available
Mem:           31722        1101        2271           2       28349       30143
=== 2026-04-23T15:20:25Z ===
0 MiB, 23028 MiB, 0 %
               total        used        free      shared  buff/cache   available
Mem:           31722        1101        2272           2       28349       30143
=== 2026-04-23T15:20:40Z ===
0 MiB, 23028 MiB, 0 %
               total        used        free      shared  buff/cache   available
Mem:           31722        1109        2263           2       28349       30135
=== 2026-04-23T15:20:55Z ===
0 MiB, 23028 MiB, 0 %
               total        used        free      shared  buff/cache   available
Mem:           31722        1110        2262           2       28349       30134
=== 2026-04-23T15:21:10Z ===
0 MiB, 23028 MiB, 0 %
               total        used        free      shared  buff/cache   available
Mem:           31722        1108        2265           2       28349       30136
=== 2026-04-23T15:21:25Z ===
0 MiB, 23028 MiB, 0 %
               total        used        free      shared  buff/cache   available
Mem:           31722        1108        2264           2       28349       30136
=== 2026-04-23T15:21:40Z ===
0 MiB, 23028 MiB, 0 %
               total        used        free      shared  buff/cache   available
Mem:           31722        1109        2263           2       28349       30134
=== 2026-04-23T15:21:56Z ===
0 MiB, 23028 MiB, 0 %
               total        used        free      shared  buff/cache   available
Mem:           31722        1109        2264           2       28349       30135
=== 2026-04-23T15:22:11Z ===
0 MiB, 23028 MiB, 0 %
               total        used        free      shared  buff/cache   available
Mem:           31722        1109        2263           2       28349       30135
=== 2026-04-23T15:22:26Z ===
0 MiB, 23028 MiB, 0 %
               total        used        free      shared  buff/cache   available
Mem:           31722        1109        2263           2       28349       30134
=== 2026-04-23T15:22:41Z ===
0 MiB, 23028 MiB, 0 %
               total        used        free      shared  buff/cache   available
Mem:           31722        1109        2264           2       28349       30135
=== 2026-04-23T15:22:56Z ===
0 MiB, 23028 MiB, 0 %
               total        used        free      shared  buff/cache   available
Mem:           31722        1101        2272           2       28349       30143
=== 2026-04-23T15:23:11Z ===
0 MiB, 23028 MiB, 0 %
               total        used        free      shared  buff/cache   available
Mem:           31722        1115        2257           2       28349       30128
=== 2026-04-23T15:23:26Z ===
0 MiB, 23028 MiB, 0 %
               total        used        free      shared  buff/cache   available
Mem:           31722        1115        2258           2       28349       30129
=== 2026-04-23T15:23:41Z ===
0 MiB, 23028 MiB, 0 %
               total        used        free      shared  buff/cache   available
Mem:           31722        1106        2266           2       28349       30137
=== 2026-04-23T15:23:56Z ===
0 MiB, 23028 MiB, 0 %
               total        used        free      shared  buff/cache   available
Mem:           31722        1103        2269           2       28349       30141
=== 2026-04-23T15:24:11Z ===
0 MiB, 23028 MiB, 0 %
               total        used        free      shared  buff/cache   available
Mem:           31722        1103        2269           2       28349       30141
=== 2026-04-23T15:24:26Z ===
0 MiB, 23028 MiB, 0 %
               total        used        free      shared  buff/cache   available
Mem:           31722        1104        2269           2       28349       30140
=== 2026-04-23T15:24:41Z ===
0 MiB, 23028 MiB, 0 %
               total        used        free      shared  buff/cache   available
Mem:           31722        1088        2284           2       28349       30155
=== 2026-04-23T15:24:56Z ===
0 MiB, 23028 MiB, 0 %
               total        used        free      shared  buff/cache   available
Mem:           31722        1099        2274           2       28349       30145
=== 2026-04-23T15:25:11Z ===
0 MiB, 23028 MiB, 0 %
               total        used        free      shared  buff/cache   available
Mem:           31722        1105        2267           2       28349       30138
=== 2026-04-23T15:25:26Z ===
0 MiB, 23028 MiB, 0 %
               total        used        free      shared  buff/cache   available
Mem:           31722        1067        2305           2       28349       30177
=== 2026-04-23T15:25:41Z ===
0 MiB, 23028 MiB, 0 %
               total        used        free      shared  buff/cache   available
Mem:           31722        1084        2289           2       28349       30160
=== 2026-04-23T15:25:56Z ===
0 MiB, 23028 MiB, 0 %
               total        used        free      shared  buff/cache   available
Mem:           31722        1090        2282           2       28349       30154
=== 2026-04-23T15:26:11Z ===
0 MiB, 23028 MiB, 0 %
               total        used        free      shared  buff/cache   available
Mem:           31722        1087        2285           2       28349       30156
=== 2026-04-23T15:26:26Z ===
0 MiB, 23028 MiB, 0 %
               total        used        free      shared  buff/cache   available
Mem:           31722        1091        2281           2       28349       30153
=== 2026-04-23T15:26:41Z ===
0 MiB, 23028 MiB, 0 %
               total        used        free      shared  buff/cache   available
Mem:           31722        1091        2282           2       28349       30153
=== 2026-04-23T15:26:56Z ===
0 MiB, 23028 MiB, 0 %
               total        used        free      shared  buff/cache   available
Mem:           31722        1091        2281           2       28349       30152
=== 2026-04-23T15:27:11Z ===
0 MiB, 23028 MiB, 0 %
               total        used        free      shared  buff/cache   available
Mem:           31722        1061        2311           2       28349       30183
=== 2026-04-23T15:27:26Z ===
0 MiB, 23028 MiB, 0 %
               total        used        free      shared  buff/cache   available
Mem:           31722        1087        2285           2       28349       30157
=== 2026-04-23T15:27:41Z ===
0 MiB, 23028 MiB, 0 %
               total        used        free      shared  buff/cache   available
Mem:           31722        1070        2302           2       28349       30173
=== 2026-04-23T15:27:56Z ===
0 MiB, 23028 MiB, 0 %
               total        used        free      shared  buff/cache   available
Mem:           31722        1086        2286           2       28349       30158
=== 2026-04-23T15:28:11Z ===
0 MiB, 23028 MiB, 0 %
               total        used        free      shared  buff/cache   available
Mem:           31722        1092        2280           2       28349       30152
=== 2026-04-23T15:28:26Z ===
0 MiB, 23028 MiB, 0 %
               total        used        free      shared  buff/cache   available
Mem:           31722        1092        2280           2       28349       30152
=== 2026-04-23T15:28:41Z ===
0 MiB, 23028 MiB, 0 %
               total        used        free      shared  buff/cache   available
Mem:           31722        1085        2287           2       28349       30159
=== 2026-04-23T15:28:57Z ===
0 MiB, 23028 MiB, 0 %
               total        used        free      shared  buff/cache   available
Mem:           31722        1093        2279           2       28349       30151
=== 2026-04-23T15:29:12Z ===
0 MiB, 23028 MiB, 0 %
               total        used        free      shared  buff/cache   available
Mem:           31722        1072        2300           2       28349       30172
=== 2026-04-23T15:29:27Z ===
0 MiB, 23028 MiB, 0 %
               total        used        free      shared  buff/cache   available
Mem:           31722        1087        2285           2       28349       30157
=== 2026-04-23T15:29:42Z ===
0 MiB, 23028 MiB, 0 %
               total        used        free      shared  buff/cache   available
Mem:           31722        1089        2283           2       28349       30154
=== 2026-04-23T15:29:57Z ===
0 MiB, 23028 MiB, 0 %
               total        used        free      shared  buff/cache   available
Mem:           31722        1089        2283           2       28349       30154
=== 2026-04-23T15:30:12Z ===
0 MiB, 23028 MiB, 0 %
               total        used        free      shared  buff/cache   available
Mem:           31722        1085        2287           2       28349       30159
=== 2026-04-23T15:30:27Z ===
0 MiB, 23028 MiB, 0 %
               total        used        free      shared  buff/cache   available
Mem:           31722        1095        2277           2       28349       30148
=== 2026-04-23T15:30:42Z ===
0 MiB, 23028 MiB, 0 %
               total        used        free      shared  buff/cache   available
Mem:           31722        1095        2277           2       28349       30149
=== 2026-04-23T15:30:57Z ===
0 MiB, 23028 MiB, 0 %
               total        used        free      shared  buff/cache   available
Mem:           31722        1088        2284           2       28349       30156
=== 2026-04-23T15:31:12Z ===
0 MiB, 23028 MiB, 0 %
               total        used        free      shared  buff/cache   available
Mem:           31722        1096        2276           2       28349       30148
=== 2026-04-23T15:31:27Z ===
0 MiB, 23028 MiB, 0 %
               total        used        free      shared  buff/cache   available
Mem:           31722        1096        2276           2       28349       30148
=== 2026-04-23T15:31:42Z ===
0 MiB, 23028 MiB, 0 %
               total        used        free      shared  buff/cache   available
Mem:           31722        1105        2267           2       28349       30139
=== 2026-04-23T15:31:57Z ===
0 MiB, 23028 MiB, 0 %
               total        used        free      shared  buff/cache   available
Mem:           31722        1112        2260           2       28349       30132
=== 2026-04-23T15:32:12Z ===
0 MiB, 23028 MiB, 0 %
               total        used        free      shared  buff/cache   available
Mem:           31722        1111        2261           2       28349       30132
=== 2026-04-23T15:32:27Z ===
0 MiB, 23028 MiB, 0 %
               total        used        free      shared  buff/cache   available
Mem:           31722        1093        2279           2       28349       30151
=== 2026-04-23T15:32:42Z ===
0 MiB, 23028 MiB, 0 %
               total        used        free      shared  buff/cache   available
Mem:           31722        1096        2276           2       28349       30148
=== 2026-04-23T15:32:57Z ===
0 MiB, 23028 MiB, 0 %
               total        used        free      shared  buff/cache   available
Mem:           31722        1111        2261           2       28349       30132
=== 2026-04-23T15:33:12Z ===
0 MiB, 23028 MiB, 0 %
               total        used        free      shared  buff/cache   available
Mem:           31722        1110        2261           2       28349       30133
=== 2026-04-23T15:33:27Z ===
0 MiB, 23028 MiB, 0 %
               total        used        free      shared  buff/cache   available
Mem:           31722        1111        2261           2       28349       30132
=== 2026-04-23T15:33:42Z ===
0 MiB, 23028 MiB, 0 %
               total        used        free      shared  buff/cache   available
Mem:           31722        1101        2271           2       28349       30142
=== 2026-04-23T15:33:57Z ===
0 MiB, 23028 MiB, 0 %
               total        used        free      shared  buff/cache   available
Mem:           31722        1090        2282           2       28349       30154
=== 2026-04-23T15:34:12Z ===
0 MiB, 23028 MiB, 0 %
               total        used        free      shared  buff/cache   available
Mem:           31722        1089        2283           2       28349       30155
=== 2026-04-23T15:34:27Z ===
0 MiB, 23028 MiB, 0 %
               total        used        free      shared  buff/cache   available
Mem:           31722        1104        2268           2       28349       30139
=== 2026-04-23T15:34:42Z ===
0 MiB, 23028 MiB, 0 %
               total        used        free      shared  buff/cache   available
Mem:           31722        1110        2262           2       28349       30134
=== 2026-04-23T15:34:57Z ===
0 MiB, 23028 MiB, 0 %
               total        used        free      shared  buff/cache   available
Mem:           31722        1107        2265           2       28349       30137
=== 2026-04-23T15:35:12Z ===
0 MiB, 23028 MiB, 0 %
               total        used        free      shared  buff/cache   available
Mem:           31722        1112        2260           2       28349       30132
=== 2026-04-23T15:35:27Z ===
0 MiB, 23028 MiB, 0 %
               total        used        free      shared  buff/cache   available
Mem:           31722        1112        2260           2       28349       30132
=== 2026-04-23T15:35:42Z ===
0 MiB, 23028 MiB, 0 %
               total        used        free      shared  buff/cache   available
Mem:           31722        1097        2275           2       28349       30147
=== 2026-04-23T15:35:58Z ===
0 MiB, 23028 MiB, 0 %
               total        used        free      shared  buff/cache   available
Mem:           31722        1118        2254           2       28349       30126
=== 2026-04-23T15:36:13Z ===
0 MiB, 23028 MiB, 0 %
               total        used        free      shared  buff/cache   available
Mem:           31722        1115        2257           2       28349       30129
=== 2026-04-23T15:36:28Z ===
0 MiB, 23028 MiB, 0 %
               total        used        free      shared  buff/cache   available
Mem:           31722        1119        2253           2       28349       30125
=== 2026-04-23T15:36:43Z ===
0 MiB, 23028 MiB, 0 %
               total        used        free      shared  buff/cache   available
Mem:           31722        1111        2261           2       28349       30133
=== 2026-04-23T15:36:58Z ===
0 MiB, 23028 MiB, 0 %
               total        used        free      shared  buff/cache   available
Mem:           31722        1111        2261           2       28349       30133
=== 2026-04-23T15:37:13Z ===
0 MiB, 23028 MiB, 0 %
               total        used        free      shared  buff/cache   available
Mem:           31722        1118        2254           2       28349       30126
=== 2026-04-23T15:37:28Z ===
0 MiB, 23028 MiB, 0 %
               total        used        free      shared  buff/cache   available
Mem:           31722        1118        2254           2       28349       30126
=== 2026-04-23T15:37:43Z ===
0 MiB, 23028 MiB, 0 %
               total        used        free      shared  buff/cache   available
Mem:           31722        1118        2254           2       28349       30126
=== 2026-04-23T15:37:58Z ===
0 MiB, 23028 MiB, 0 %
               total        used        free      shared  buff/cache   available
Mem:           31722        1120        2251           2       28349       30123
=== 2026-04-23T15:38:13Z ===
0 MiB, 23028 MiB, 0 %
               total        used        free      shared  buff/cache   available
Mem:           31722        1110        2261           2       28349       30133
=== 2026-04-23T15:38:28Z ===
0 MiB, 23028 MiB, 0 %
               total        used        free      shared  buff/cache   available
Mem:           31722        1116        2255           2       28349       30127
=== 2026-04-23T15:38:43Z ===
0 MiB, 23028 MiB, 0 %
               total        used        free      shared  buff/cache   available
Mem:           31722        1090        2282           2       28349       30154
=== 2026-04-23T15:38:58Z ===
0 MiB, 23028 MiB, 0 %
               total        used        free      shared  buff/cache   available
Mem:           31722        1097        2275           2       28349       30147
=== 2026-04-23T15:39:13Z ===
0 MiB, 23028 MiB, 0 %
               total        used        free      shared  buff/cache   available
Mem:           31722        1097        2275           2       28349       30147
=== 2026-04-23T15:39:28Z ===
0 MiB, 23028 MiB, 0 %
               total        used        free      shared  buff/cache   available
Mem:           31722        1106        2266           2       28349       30138
=== 2026-04-23T15:39:43Z ===
0 MiB, 23028 MiB, 0 %
               total        used        free      shared  buff/cache   available
Mem:           31722        1106        2266           2       28349       30138
=== 2026-04-23T15:39:58Z ===
0 MiB, 23028 MiB, 0 %
               total        used        free      shared  buff/cache   available
Mem:           31722        1112        2260           2       28350       30132
=== 2026-04-23T15:40:13Z ===
0 MiB, 23028 MiB, 0 %
               total        used        free      shared  buff/cache   available
Mem:           31722        1112        2260           2       28350       30132
=== 2026-04-23T15:40:28Z ===
0 MiB, 23028 MiB, 0 %
               total        used        free      shared  buff/cache   available
Mem:           31722        1111        2260           2       28350       30133
=== 2026-04-23T15:40:43Z ===
0 MiB, 23028 MiB, 0 %
               total        used        free      shared  buff/cache   available
Mem:           31722        1111        2261           2       28350       30133
=== 2026-04-23T15:40:58Z ===
0 MiB, 23028 MiB, 0 %
               total        used        free      shared  buff/cache   available
Mem:           31722        1115        2257           2       28350       30129
=== 2026-04-23T15:41:13Z ===
0 MiB, 23028 MiB, 0 %
               total        used        free      shared  buff/cache   available
Mem:           31722        1115        2257           2       28350       30129
=== 2026-04-23T15:41:28Z ===
0 MiB, 23028 MiB, 0 %
               total        used        free      shared  buff/cache   available
Mem:           31722        1099        2273           2       28350       30145
=== 2026-04-23T15:41:43Z ===
0 MiB, 23028 MiB, 0 %
               total        used        free      shared  buff/cache   available
Mem:           31722        1113        2259           2       28350       30131
=== 2026-04-23T15:41:58Z ===
0 MiB, 23028 MiB, 0 %
               total        used        free      shared  buff/cache   available
Mem:           31722        1113        2258           2       28350       30130
=== 2026-04-23T15:42:13Z ===
0 MiB, 23028 MiB, 0 %
               total        used        free      shared  buff/cache   available
Mem:           31722        1126        2245           2       28350       30117
=== 2026-04-23T15:42:28Z ===
0 MiB, 23028 MiB, 0 %
               total        used        free      shared  buff/cache   available
Mem:           31722        1121        2251           2       28350       30123
=== 2026-04-23T15:42:44Z ===
0 MiB, 23028 MiB, 0 %
               total        used        free      shared  buff/cache   available
Mem:           31722        1116        2255           2       28350       30127
=== 2026-04-23T15:42:59Z ===
0 MiB, 23028 MiB, 0 %
               total        used        free      shared  buff/cache   available
Mem:           31722        1119        2252           2       28350       30124
=== 2026-04-23T15:43:14Z ===
0 MiB, 23028 MiB, 0 %
               total        used        free      shared  buff/cache   available
Mem:           31722        1111        2261           2       28350       30133
=== 2026-04-23T15:43:29Z ===
0 MiB, 23028 MiB, 0 %
               total        used        free      shared  buff/cache   available
Mem:           31722        1119        2253           2       28350       30125
=== 2026-04-23T15:43:44Z ===
0 MiB, 23028 MiB, 0 %
               total        used        free      shared  buff/cache   available
Mem:           31722        1118        2253           2       28350       30126
=== 2026-04-23T15:43:59Z ===
0 MiB, 23028 MiB, 0 %
               total        used        free      shared  buff/cache   available
Mem:           31722        1118        2253           2       28350       30126
=== 2026-04-23T15:44:14Z ===
0 MiB, 23028 MiB, 0 %
               total        used        free      shared  buff/cache   available
Mem:           31722        1121        2250           2       28350       30122
=== 2026-04-23T15:44:29Z ===
0 MiB, 23028 MiB, 0 %
               total        used        free      shared  buff/cache   available
Mem:           31722        1112        2260           2       28350       30132
=== 2026-04-23T15:44:44Z ===
0 MiB, 23028 MiB, 0 %
               total        used        free      shared  buff/cache   available
Mem:           31722        1098        2274           2       28350       30146
=== 2026-04-23T15:44:59Z ===
0 MiB, 23028 MiB, 0 %
               total        used        free      shared  buff/cache   available
Mem:           31722        1112        2259           2       28350       30131
=== 2026-04-23T15:45:14Z ===
0 MiB, 23028 MiB, 0 %
               total        used        free      shared  buff/cache   available
Mem:           31722        1113        2258           2       28350       30131
=== 2026-04-23T15:45:29Z ===
0 MiB, 23028 MiB, 0 %
               total        used        free      shared  buff/cache   available
Mem:           31722        1114        2258           2       28350       30130
=== 2026-04-23T15:45:44Z ===
0 MiB, 23028 MiB, 0 %
               total        used        free      shared  buff/cache   available
Mem:           31722        1113        2258           2       28350       30131
=== 2026-04-23T15:45:59Z ===
0 MiB, 23028 MiB, 0 %
               total        used        free      shared  buff/cache   available
Mem:           31722        1090        2282           2       28350       30154
=== 2026-04-23T15:46:14Z ===
0 MiB, 23028 MiB, 0 %
               total        used        free      shared  buff/cache   available
Mem:           31722        1105        2266           2       28350       30138
=== 2026-04-23T15:46:29Z ===
0 MiB, 23028 MiB, 0 %
               total        used        free      shared  buff/cache   available
Mem:           31722        1113        2258           2       28350       30130
=== 2026-04-23T15:46:44Z ===
0 MiB, 23028 MiB, 0 %
               total        used        free      shared  buff/cache   available
Mem:           31722        1095        2276           2       28350       30148
=== 2026-04-23T15:46:59Z ===
0 MiB, 23028 MiB, 0 %
               total        used        free      shared  buff/cache   available
Mem:           31722        1109        2263           2       28350       30135
=== 2026-04-23T15:47:14Z ===
0 MiB, 23028 MiB, 0 %
               total        used        free      shared  buff/cache   available
Mem:           31722        1110        2262           2       28350       30134
=== 2026-04-23T15:47:29Z ===
0 MiB, 23028 MiB, 0 %
               total        used        free      shared  buff/cache   available
Mem:           31722        1109        2263           2       28350       30135
=== 2026-04-23T15:47:44Z ===
0 MiB, 23028 MiB, 0 %
               total        used        free      shared  buff/cache   available
Mem:           31722        1088        2284           2       28350       30156
=== 2026-04-23T15:47:59Z ===
0 MiB, 23028 MiB, 0 %
               total        used        free      shared  buff/cache   available
Mem:           31722        1110        2261           2       28350       30133
=== 2026-04-23T15:48:14Z ===
0 MiB, 23028 MiB, 0 %
               total        used        free      shared  buff/cache   available
Mem:           31722        1081        2290           2       28350       30163
=== 2026-04-23T15:48:29Z ===
0 MiB, 23028 MiB, 0 %
               total        used        free      shared  buff/cache   available
Mem:           31722        1113        2259           2       28350       30131
=== 2026-04-23T15:48:44Z ===
0 MiB, 23028 MiB, 0 %
               total        used        free      shared  buff/cache   available
Mem:           31722        1107        2264           2       28350       30136
=== 2026-04-23T15:48:59Z ===
0 MiB, 23028 MiB, 0 %
               total        used        free      shared  buff/cache   available
Mem:           31722        1099        2272           2       28350       30145
=== 2026-04-23T15:49:14Z ===
0 MiB, 23028 MiB, 0 %
               total        used        free      shared  buff/cache   available
Mem:           31722        1121        2250           2       28350       30122
=== 2026-04-23T15:49:29Z ===
0 MiB, 23028 MiB, 0 %
               total        used        free      shared  buff/cache   available
Mem:           31722        1118        2253           2       28350       30126
=== 2026-04-23T15:49:45Z ===
0 MiB, 23028 MiB, 0 %
               total        used        free      shared  buff/cache   available
Mem:           31722        1118        2254           2       28350       30126
=== 2026-04-23T15:50:00Z ===
0 MiB, 23028 MiB, 0 %
               total        used        free      shared  buff/cache   available
Mem:           31722        1101        2270           2       28350       30142
=== 2026-04-23T15:50:15Z ===
0 MiB, 23028 MiB, 0 %
               total        used        free      shared  buff/cache   available
Mem:           31722        1117        2254           2       28350       30126
=== 2026-04-23T15:50:30Z ===
0 MiB, 23028 MiB, 0 %
               total        used        free      shared  buff/cache   available
Mem:           31722        1118        2253           2       28350       30126
=== 2026-04-23T15:50:45Z ===
0 MiB, 23028 MiB, 0 %
               total        used        free      shared  buff/cache   available
Mem:           31722        1102        2269           2       28350       30142
=== 2026-04-23T15:51:00Z ===
0 MiB, 23028 MiB, 0 %
               total        used        free      shared  buff/cache   available
Mem:           31722        1101        2270           2       28350       30143
=== 2026-04-23T15:51:15Z ===
0 MiB, 23028 MiB, 0 %
               total        used        free      shared  buff/cache   available
Mem:           31722        1116        2256           2       28350       30128
=== 2026-04-23T15:51:30Z ===
0 MiB, 23028 MiB, 0 %
               total        used        free      shared  buff/cache   available
Mem:           31722        1116        2255           2       28350       30128
=== 2026-04-23T15:51:45Z ===
0 MiB, 23028 MiB, 0 %
               total        used        free      shared  buff/cache   available
Mem:           31722        1116        2255           2       28350       30128
=== 2026-04-23T15:52:00Z ===
0 MiB, 23028 MiB, 0 %
               total        used        free      shared  buff/cache   available
Mem:           31722        1115        2256           2       28350       30128
=== 2026-04-23T15:52:15Z ===
0 MiB, 23028 MiB, 0 %
               total        used        free      shared  buff/cache   available
Mem:           31722        1115        2256           2       28350       30128
=== 2026-04-23T15:52:30Z ===
0 MiB, 23028 MiB, 0 %
               total        used        free      shared  buff/cache   available
Mem:           31722        1115        2256           2       28350       30128
=== 2026-04-23T15:52:45Z ===
0 MiB, 23028 MiB, 0 %
               total        used        free      shared  buff/cache   available
Mem:           31722        1115        2256           2       28350       30129
=== 2026-04-23T15:53:00Z ===
0 MiB, 23028 MiB, 0 %
               total        used        free      shared  buff/cache   available
Mem:           31722        1116        2255           2       28350       30127
=== 2026-04-23T15:53:15Z ===
0 MiB, 23028 MiB, 0 %
               total        used        free      shared  buff/cache   available
Mem:           31722        1086        2285           2       28350       30158
=== 2026-04-23T15:53:30Z ===
0 MiB, 23028 MiB, 0 %
               total        used        free      shared  buff/cache   available
Mem:           31722        1101        2270           2       28350       30143
=== 2026-04-23T15:53:45Z ===
0 MiB, 23028 MiB, 0 %
               total        used        free      shared  buff/cache   available
Mem:           31722        1102        2269           2       28350       30142
=== 2026-04-23T15:54:00Z ===
0 MiB, 23028 MiB, 0 %
               total        used        free      shared  buff/cache   available
Mem:           31722        1079        2292           2       28350       30165
=== 2026-04-23T15:54:15Z ===
0 MiB, 23028 MiB, 0 %
               total        used        free      shared  buff/cache   available
Mem:           31722        1082        2289           2       28350       30162
=== 2026-04-23T15:54:30Z ===
0 MiB, 23028 MiB, 0 %
               total        used        free      shared  buff/cache   available
Mem:           31722        1097        2274           2       28350       30147
=== 2026-04-23T15:54:45Z ===
0 MiB, 23028 MiB, 0 %
               total        used        free      shared  buff/cache   available
Mem:           31722        1097        2274           2       28350       30147
=== 2026-04-23T15:55:00Z ===
0 MiB, 23028 MiB, 0 %
               total        used        free      shared  buff/cache   available
Mem:           31722        1101        2270           2       28350       30142
=== 2026-04-23T15:55:15Z ===
0 MiB, 23028 MiB, 0 %
               total        used        free      shared  buff/cache   available
Mem:           31722        1111        2260           2       28350       30132
=== 2026-04-23T15:55:30Z ===
0 MiB, 23028 MiB, 0 %
               total        used        free      shared  buff/cache   available
Mem:           31722        1107        2264           2       28350       30137
=== 2026-04-23T15:55:45Z ===
0 MiB, 23028 MiB, 0 %
               total        used        free      shared  buff/cache   available
Mem:           31722        1111        2260           2       28350       30132
=== 2026-04-23T15:56:00Z ===
0 MiB, 23028 MiB, 0 %
               total        used        free      shared  buff/cache   available
Mem:           31722        1109        2262           2       28350       30134
=== 2026-04-23T15:56:15Z ===
0 MiB, 23028 MiB, 0 %
               total        used        free      shared  buff/cache   available
Mem:           31722        1100        2271           2       28350       30144
=== 2026-04-23T15:56:30Z ===
0 MiB, 23028 MiB, 0 %
               total        used        free      shared  buff/cache   available
Mem:           31722        1086        2285           2       28350       30158
=== 2026-04-23T15:56:46Z ===
0 MiB, 23028 MiB, 0 %
               total        used        free      shared  buff/cache   available
Mem:           31722        1093        2278           2       28350       30151
=== 2026-04-23T15:57:01Z ===
0 MiB, 23028 MiB, 0 %
               total        used        free      shared  buff/cache   available
Mem:           31722        1106        2265           2       28350       30138
=== 2026-04-23T15:57:16Z ===
0 MiB, 23028 MiB, 0 %
               total        used        free      shared  buff/cache   available
Mem:           31722        1117        2254           2       28350       30127
=== 2026-04-23T15:57:31Z ===
0 MiB, 23028 MiB, 0 %
               total        used        free      shared  buff/cache   available
Mem:           31722        1088        2283           2       28350       30155
=== 2026-04-23T15:57:46Z ===
0 MiB, 23028 MiB, 0 %
               total        used        free      shared  buff/cache   available
Mem:           31722        1093        2278           2       28350       30151
=== 2026-04-23T15:58:01Z ===
0 MiB, 23028 MiB, 0 %
               total        used        free      shared  buff/cache   available
Mem:           31722        1109        2262           2       28350       30135
=== 2026-04-23T15:58:16Z ===
0 MiB, 23028 MiB, 0 %
               total        used        free      shared  buff/cache   available
Mem:           31722        1106        2265           2       28350       30138
=== 2026-04-23T15:58:31Z ===
0 MiB, 23028 MiB, 0 %
               total        used        free      shared  buff/cache   available
Mem:           31722        1114        2257           2       28350       30130
=== 2026-04-23T15:58:46Z ===
0 MiB, 23028 MiB, 0 %
               total        used        free      shared  buff/cache   available
Mem:           31722        1114        2257           2       28350       30130
=== 2026-04-23T15:59:01Z ===
0 MiB, 23028 MiB, 0 %
               total        used        free      shared  buff/cache   available
Mem:           31722        1114        2256           2       28350       30129
=== 2026-04-23T15:59:16Z ===
0 MiB, 23028 MiB, 0 %
               total        used        free      shared  buff/cache   available
Mem:           31722        1116        2255           2       28350       30128
=== 2026-04-23T15:59:31Z ===
0 MiB, 23028 MiB, 0 %
               total        used        free      shared  buff/cache   available
Mem:           31722        1105        2265           2       28350       30138
=== 2026-04-23T15:59:46Z ===
0 MiB, 23028 MiB, 0 %
               total        used        free      shared  buff/cache   available
Mem:           31722        1110        2261           2       28350       30134
=== 2026-04-23T16:00:01Z ===
0 MiB, 23028 MiB, 0 %
               total        used        free      shared  buff/cache   available
Mem:           31722        1086        2285           2       28350       30158
=== 2026-04-23T16:00:16Z ===
0 MiB, 23028 MiB, 0 %
               total        used        free      shared  buff/cache   available
Mem:           31722        1109        2262           2       28350       30135
=== 2026-04-23T16:00:31Z ===
0 MiB, 23028 MiB, 0 %
               total        used        free      shared  buff/cache   available
Mem:           31722        1107        2264           2       28350       30136
=== 2026-04-23T16:00:46Z ===
0 MiB, 23028 MiB, 0 %
               total        used        free      shared  buff/cache   available
Mem:           31722        1099        2272           2       28350       30145
=== 2026-04-23T16:01:01Z ===
0 MiB, 23028 MiB, 0 %
               total        used        free      shared  buff/cache   available
Mem:           31722        1091        2280           2       28350       30153
=== 2026-04-23T16:01:16Z ===
0 MiB, 23028 MiB, 0 %
               total        used        free      shared  buff/cache   available
Mem:           31722        1099        2272           2       28350       30145
=== 2026-04-23T16:01:31Z ===
0 MiB, 23028 MiB, 0 %
               total        used        free      shared  buff/cache   available
Mem:           31722        1098        2273           2       28350       30145
=== 2026-04-23T16:01:46Z ===
0 MiB, 23028 MiB, 0 %
               total        used        free      shared  buff/cache   available
Mem:           31722        1107        2264           2       28350       30137
=== 2026-04-23T16:02:01Z ===
0 MiB, 23028 MiB, 0 %
               total        used        free      shared  buff/cache   available
Mem:           31722        1078        2293           2       28350       30166
=== 2026-04-23T16:02:16Z ===
0 MiB, 23028 MiB, 0 %
               total        used        free      shared  buff/cache   available
Mem:           31722        1095        2275           2       28350       30148
=== 2026-04-23T16:02:31Z ===
0 MiB, 23028 MiB, 0 %
               total        used        free      shared  buff/cache   available
Mem:           31722        1111        2260           2       28350       30133
=== 2026-04-23T16:02:46Z ===
0 MiB, 23028 MiB, 0 %
               total        used        free      shared  buff/cache   available
Mem:           31722        1102        2269           2       28350       30142
=== 2026-04-23T16:03:01Z ===
0 MiB, 23028 MiB, 0 %
               total        used        free      shared  buff/cache   available
Mem:           31722        1110        2260           2       28350       30133
=== 2026-04-23T16:03:16Z ===
0 MiB, 23028 MiB, 0 %
               total        used        free      shared  buff/cache   available
Mem:           31722        1110        2261           2       28350       30134
=== 2026-04-23T16:03:32Z ===
0 MiB, 23028 MiB, 0 %
               total        used        free      shared  buff/cache   available
Mem:           31722        1102        2269           2       28350       30142
=== 2026-04-23T16:03:47Z ===
0 MiB, 23028 MiB, 0 %
               total        used        free      shared  buff/cache   available
Mem:           31722        1102        2269           2       28350       30142
=== 2026-04-23T16:04:02Z ===
0 MiB, 23028 MiB, 0 %
               total        used        free      shared  buff/cache   available
Mem:           31722        1112        2259           2       28350       30132
=== 2026-04-23T16:04:17Z ===
0 MiB, 23028 MiB, 0 %
               total        used        free      shared  buff/cache   available
Mem:           31722        1096        2275           2       28350       30148
=== 2026-04-23T16:04:32Z ===
0 MiB, 23028 MiB, 0 %
               total        used        free      shared  buff/cache   available
Mem:           31722        1101        2269           2       28350       30142
=== 2026-04-23T16:04:47Z ===
0 MiB, 23028 MiB, 0 %
               total        used        free      shared  buff/cache   available
Mem:           31722        1109        2262           2       28350       30135
=== 2026-04-23T16:05:02Z ===
0 MiB, 23028 MiB, 0 %
               total        used        free      shared  buff/cache   available
Mem:           31722        1102        2269           2       28350       30142
=== 2026-04-23T16:05:17Z ===
0 MiB, 23028 MiB, 0 %
               total        used        free      shared  buff/cache   available
Mem:           31722        1109        2262           2       28350       30135
=== 2026-04-23T16:05:32Z ===
0 MiB, 23028 MiB, 0 %
               total        used        free      shared  buff/cache   available
Mem:           31722        1109        2262           2       28350       30135
=== 2026-04-23T16:05:47Z ===
0 MiB, 23028 MiB, 0 %
               total        used        free      shared  buff/cache   available
Mem:           31722        1105        2266           2       28350       30139
=== 2026-04-23T16:06:02Z ===
0 MiB, 23028 MiB, 0 %
               total        used        free      shared  buff/cache   available
Mem:           31722        1111        2260           2       28350       30133
=== 2026-04-23T16:06:17Z ===
0 MiB, 23028 MiB, 0 %
               total        used        free      shared  buff/cache   available
Mem:           31722        1112        2259           2       28351       30132
=== 2026-04-23T16:06:32Z ===
0 MiB, 23028 MiB, 0 %
               total        used        free      shared  buff/cache   available
Mem:           31722        1109        2262           2       28351       30135
=== 2026-04-23T16:06:47Z ===
0 MiB, 23028 MiB, 0 %
               total        used        free      shared  buff/cache   available
Mem:           31722        1105        2265           2       28351       30138
=== 2026-04-23T16:07:02Z ===
0 MiB, 23028 MiB, 0 %
               total        used        free      shared  buff/cache   available
Mem:           31722        1097        2274           2       28351       30147
=== 2026-04-23T16:07:17Z ===
0 MiB, 23028 MiB, 0 %
               total        used        free      shared  buff/cache   available
Mem:           31722        1104        2266           2       28351       30139
=== 2026-04-23T16:07:32Z ===
0 MiB, 23028 MiB, 0 %
               total        used        free      shared  buff/cache   available
Mem:           31722        1105        2266           2       28351       30139
=== 2026-04-23T16:07:47Z ===
0 MiB, 23028 MiB, 0 %
               total        used        free      shared  buff/cache   available
Mem:           31722        1104        2267           2       28351       30140
=== 2026-04-23T16:08:02Z ===
0 MiB, 23028 MiB, 0 %
               total        used        free      shared  buff/cache   available
Mem:           31722        1107        2264           2       28351       30137
=== 2026-04-23T16:08:17Z ===
0 MiB, 23028 MiB, 0 %
               total        used        free      shared  buff/cache   available
Mem:           31722        1106        2264           2       28351       30138
=== 2026-04-23T16:08:32Z ===
0 MiB, 23028 MiB, 0 %
               total        used        free      shared  buff/cache   available
Mem:           31722        1092        2278           2       28351       30151
=== 2026-04-23T16:08:47Z ===
0 MiB, 23028 MiB, 0 %
               total        used        free      shared  buff/cache   available
Mem:           31722        1096        2274           2       28351       30147
=== 2026-04-23T16:09:02Z ===
0 MiB, 23028 MiB, 0 %
               total        used        free      shared  buff/cache   available
Mem:           31722        1102        2267           2       28353       30142
=== 2026-04-23T16:09:17Z ===
0 MiB, 23028 MiB, 0 %
               total        used        free      shared  buff/cache   available
Mem:           31722        1110        2259           2       28353       30134
